id,description,sequence,length,toxin_type,species,effects
SYN_TOX_PLA2_1,SYN_TOX_PLA2_1 Phospholipase A2 toxin from Bothrops asper | Enzymatic toxins that hydrolyze phospholipids,WYARKHMVSEDRCCHAHDEDAVNHIWGKQSSTWSNCCENHDNCYPVCCGPKIGCYCGIGGCCGDYSNGKNWWQAIMILYWDPECCFDCYQPCGHPCYENTVTQVFDCNRLFQWVSPCQRW,120,Phospholipase A2,Bothrops asper,"['Anticoagulant', 'Cardiotoxicity']"
SYN_TOX_SVMP_2,SYN_TOX_SVMP_2 Snake Venom Metalloproteinase toxin from Crotalus adamanteus | Proteolytic enzymes that degrade extracellular matrix proteins,YFMRAVLEQLKDCPIGCEGAAATQVMPRLTREMHTPVMKKKCHIWNVNDGQRPLNGCTQNQKCIHKFWLEGFHGKEYAHHGDRFYRGTSHPFRQDYLTEIFWGAPNGMSWCHELTVDHPRKKPCDHCCIMDPEIDDGARRAPMRQHFEWHMHPCRWCKHCREARNCELHHTHVRCPMLLYGREWRTNKFHFECEKYALGVK,201,Snake Venom Metalloproteinase,Crotalus adamanteus,"['Hemorrhage', 'Coagulopathy']"
SYN_TOX_3FTx_3,SYN_TOX_3FTx_3 Three-Finger Toxin toxin from Bungarus fasciatus | Small non-enzymatic proteins with three beta-stranded loops,AHCCCPWDECPEFCNKNCPCCWRMPFCNRQPCTHTHCIHKRYCRVCMWYPRCPERDEQRCNK,62,Three-Finger Toxin,Bungarus fasciatus,"['Cytotoxicity', 'Neurotoxicity']"
SYN_TOX_SVSP_4,SYN_TOX_SVSP_4 Snake Venom Serine Protease toxin from Agkistrodon species | Enzymes affecting hemostatic system,DTGDNHWFKASSWIIHTDGDSGGPYCIWTCYHISSWESHTGHRQASTCCHWRKYSTIGGFWHKRIRLDPKIVDIMLIRLCVCTTKQAHGDRHYVENVWSAHTFSHNNGTWAGLDICGRVKMCNWNYANCYKHHHANSNTTCSFQFSCNGTIRGSQNVWKMSSDMMGKKKHKSSFCKGSCKLNDVYMSMSMEKCIQLNCGLLVRYWHDPISVPHYAHTVSANNCDREFMGLQIQ,233,Snake Venom Serine Protease,Agkistrodon species,"['Fibrinolysis', 'Coagulopathy']"
SYN_TOX_KSPI_5,SYN_TOX_KSPI_5 Kunitz-type Serine Protease Inhibitor toxin from Hemachatus species | Small proteins that inhibit serine proteases,CCCWEVKECQEWSCRIPYIQKAFKCMRPDSPYTMDGCPQEFGYKKIGQIFGDCC,54,Kunitz-type Serine Protease Inhibitor,Hemachatus species,"['Anticoagulant', 'Neurotoxicity']"
SYN_TOX_DIS_6,SYN_TOX_DIS_6 Disintegrin toxin from Bothrops jararaca | Small proteins that inhibit platelet aggregation,DDGWGQGCCPYDSDTRVGFLLIITNFDNECIRIRLDKKSDVGEVQ,45,Disintegrin,Bothrops jararaca,"['Platelet aggregation inhibition', 'Cell adhesion inhibition']"
SYN_TOX_CRISP_7,SYN_TOX_CRISP_7 Cysteine-Rich Secretory Protein toxin from Crotalus scutulatus | Proteins affecting smooth muscle and ion channels,VSSRGDCQRWIWMFLMHCIIWEPGHSCAEDFPWGPSIKCAKKCYVKWVQTTFVICNYSGHCNCIVNNWNNHKIHYNGCGHYTQVMWSLEPSTFWEGGARCYTHWCGIHVFEWCWADGWCICMCTMVFCRPACCEGWNHHVPLHVFPCVTFLFIAMWCRASRECYHDDGNTATICSEKPHCLYRLSCDTFLMFHCDQCWWMRKFTGYGTVTEWWRFCDQLWWVEGDL,226,Cysteine-Rich Secretory Protein,Crotalus scutulatus,"['Ion channel blocking', 'Smooth muscle contraction']"
SYN_TOX_PLA2_8,SYN_TOX_PLA2_8 Phospholipase A2 toxin from Naja naja | Enzymatic toxins that hydrolyze phospholipids,NPYSDGFMHADEVSHYWVKNMQEFMCSSHHARYASDLCCGSHDGWEPNFGRCMSDGCYCGYGGFCMGIGRLRRFYTELHCCQFHDQCYCGTADHINKPQGYPFCCCRGDICHTEAIVCSDMSTQQDQ,127,Phospholipase A2,Naja naja,"['Cardiotoxicity', 'Anticoagulant']"
SYN_TOX_SVMP_9,SYN_TOX_SVMP_9 Snake Venom Metalloproteinase toxin from Deinagkistrodon species | Proteolytic enzymes that degrade extracellular matrix proteins,ICFVPGDLMHRRSHFRKNGFGGEPKEHHDDVIMMLDLTDSLDTRQYGDVQYCIERIKKPWDQVDMMQGEDYCVGCPCQICIMSPTVIPVLVGDVVFHRTYTMCQIWLEYREHENDHILGRGHNVPHDSHRMKECRQNGEKPLPEFLACIDGWPLSCEDQEQDFNLMNGKGLKHVEAHWHCTRDEWHRMYSVWHYLNHCNDFCKSHMPG,208,Snake Venom Metalloproteinase,Deinagkistrodon species,"['Tissue necrosis', 'Hemorrhage']"
SYN_TOX_3FTx_10,SYN_TOX_3FTx_10 Three-Finger Toxin toxin from Ophiophagus species | Small non-enzymatic proteins with three beta-stranded loops,KYWPCEVRFIYCYCESCTGCICPCCIFNPVCNKWNCKCCSECCKFLPVYNQKVGQHKAQWNRNMWRCQQ,69,Three-Finger Toxin,Ophiophagus species,"['Neurotoxicity', 'Cytotoxicity']"
SYN_TOX_SVSP_11,SYN_TOX_SVSP_11 Snake Venom Serine Protease toxin from Bothrops asper | Enzymes affecting hemostatic system,QWFSQYEQAQCPFEGDSHEGWSGWNPLEHVDPHHITTVSTREDCASIGYIKEHSHYMSATGPGQMNGQFRDIMLIRLALESHSVGDSGGPHNEYSQKQMSKEYGHMPQASNDEWDMRPVNYGYCWWQHWHFHCVVTDKIFARTWAGLYTHCQKWVRPTCHVDLSRLMKDNTALRWDVEKSIHWIDSTDDSEIGDHLYPSDHWDKYGSEDHSTLCQNTQCPVTCTWFIKKFSYCCTQEGDG,240,Snake Venom Serine Protease,Bothrops asper,"['Coagulopathy', 'Platelet aggregation']"
SYN_TOX_KSPI_12,SYN_TOX_KSPI_12 Kunitz-type Serine Protease Inhibitor toxin from Bungarus multicinctus | Small proteins that inhibit serine proteases,AWIPEIDFTLCVKYFFCPEHFNYIRSRFCYRPATSYCEIYFVCMMCHEALECDNHWYVKCV,61,Kunitz-type Serine Protease Inhibitor,Bungarus multicinctus,"['Neurotoxicity', 'Analgesic']"
SYN_TOX_DIS_13,SYN_TOX_DIS_13 Disintegrin toxin from Echis ocellatus | Small proteins that inhibit platelet aggregation,SGQCHWGKICRKILDWRGDQCPAGSNAHHERKSYSDQCHAHARTAEVYNECK,52,Disintegrin,Echis ocellatus,"['Platelet aggregation inhibition', 'Cell adhesion inhibition']"
SYN_TOX_CRISP_14,SYN_TOX_CRISP_14 Cysteine-Rich Secretory Protein toxin from Trimeresurus species | Proteins affecting smooth muscle and ion channels,CTEHFNHMCYVNNIYCPMSKNWNTHCCLGPCDWAANAVKVWCNALCWCCDEIQPLAPDSNHNFSDHHEPLLQHQHWECKWFVRFTCEGFNTCKGTGHYTQVHWCRKPGDCNLTCIQWSLAFVNCNEEVFCMRHMGQERNSRDSYGIWWNQDPNACYHYYAYTTYDIRKSIATNKSCRTISCQFPMGDTVAHYVTCNMAEYCPNTWIITATYCHHVLVWSDNMNDKCDKDCCRW,233,Cysteine-Rich Secretory Protein,Trimeresurus species,"['Smooth muscle contraction', 'Ion channel blocking']"
SYN_TOX_PLA2_15,SYN_TOX_PLA2_15 Phospholipase A2 toxin from Bungarus caeruleus | Enzymatic toxins that hydrolyze phospholipids,QSKGAHVVFFHGCPIGMIMLDLLCGKQGCYCGLGDSCCHRHDVCCSRHDRCYFENIECIPRTGHHWCDVIAKIECYKQHTSQDAHVYGKMAHCTTMECHMEASPHAPLGHWMDVPLPEGMAFHCTCLTWHWVCS,134,Phospholipase A2,Bungarus caeruleus,"['Anticoagulant', 'Neurotoxicity']"
SYN_TOX_SVMP_16,SYN_TOX_SVMP_16 Snake Venom Metalloproteinase toxin from Bothrops moojeni | Proteolytic enzymes that degrade extracellular matrix proteins,WKDWDTDITYETYLCIMFPCGDCFYYLFADCMNWQFCFSYDSDIMWECSRYESEIIEDHETFHEHGQSHFQQRLEKKMVMCHGFHFHMYDLNYPYIHTHEMANQLHQDKYNELYYSTGMHHDYVSWYYQADAGDQLQILWNRCQFHVFELKHDGIPSYREKENELNGLCISVEWHRQAPAGFLPEEDDFKDEWICHLWESDHRPHNKYIEDSLKW,215,Snake Venom Metalloproteinase,Bothrops moojeni,"['Coagulopathy', 'Hemorrhage']"
SYN_TOX_3FTx_17,SYN_TOX_3FTx_17 Three-Finger Toxin toxin from Dendroaspis polylepis | Small non-enzymatic proteins with three beta-stranded loops,CVEGEVPCCQKFPKCNDCHCTTAWCPCCQAYQQRKCHIDKNKYMRECKCWPQECMDAGEMAFGKRMCQYCCDDHDC,76,Three-Finger Toxin,Dendroaspis polylepis,"['Neurotoxicity', 'Cardiotoxicity']"
SYN_TOX_SVSP_18,SYN_TOX_SVSP_18 Snake Venom Serine Protease toxin from Trimeresurus species | Enzymes affecting hemostatic system,VHDSWRYCHPVKRDHGEMHSTHESLPVSRRTMEEAYWCIENHHSDDQEMSHVGWLTETWKASCSSHKNTVTMDIMLIRLGNHQDTEEEPSMNKASYKCSHAVYLVSGDSGGPFEKFHYHLMDKKHPKCKYDWHMMSNYKIECYIRPISDTWAGLPWYTPAYEYPSWCALMFSQFCCKNMPHDTPISCFSGRDRANRCVSCYHEHMLTRYYIHSLDNSRIWHQAWMMMQSEKYLSRHWKYCLQMGDNE,247,Snake Venom Serine Protease,Trimeresurus species,"['Platelet aggregation', 'Hypotension']"
SYN_TOX_KSPI_19,SYN_TOX_KSPI_19 Kunitz-type Serine Protease Inhibitor toxin from Walterinnesia species | Small proteins that inhibit serine proteases,HTKYDCNQFHRRYDRCHRPAVITCEQCCPRIFCYSYSHMTCNKSCDDAENASPTVNAMGIDWCETQYQ,68,Kunitz-type Serine Protease Inhibitor,Walterinnesia species,"['Neurotoxicity', 'Analgesic']"
SYN_TOX_DIS_20,SYN_TOX_DIS_20 Disintegrin toxin from Trimeresurus species | Small proteins that inhibit platelet aggregation,PYTLWGVYCSRNSWPRGDKCPCPEHPCLGDEMCCCCIPRSTCYWGHWRHMLSFYADVPT,59,Disintegrin,Trimeresurus species,"['Cell adhesion inhibition', 'Platelet aggregation inhibition']"
SYN_TOX_CRISP_21,SYN_TOX_CRISP_21 Cysteine-Rich Secretory Protein toxin from Pseudechis species | Proteins affecting smooth muscle and ion channels,NCCRTSSQSNTHDWRHHQNHVIERWPRLEHCLCGNAGACNKQWDPGHAWIRKLLLPLARFYCGWEKRMIMEAKCEGGNCHIIHHPFTWMCIVMCHWRCLWNIEMHSYWMHDCLHLCLTMHSCEGGMHKFVCWAFCCWWQRHMESAFRPDIHYGHYTQVNWSFTWGCHINFALWTVLCVDHNDRHHIGWAQVAIPICHHYEIKRSFWANWFIHPLPRCAAYVLLIRFYYWEQRFLDDGRSI,240,Cysteine-Rich Secretory Protein,Pseudechis species,"['Smooth muscle contraction', 'Ion channel blocking']"
SYN_TOX_PLA2_22,SYN_TOX_PLA2_22 Phospholipase A2 toxin from Crotalus atrox | Enzymatic toxins that hydrolyze phospholipids,GMDVYFSKAPFMYDAKVIDKLMIHAHRWGWNAFPCFDNHAQPSFQDHHFPMLNAHDYCNCCCGCYCGHGGPQTTDRYNELDKCCGNHDITYWLHEQDGQLRDTQWQDDQYMHWSWNDYVFCFMGWTCQDAQPKYIRKKFDG,141,Phospholipase A2,Crotalus atrox,"['Neurotoxicity', 'Cardiotoxicity']"
SYN_TOX_SVMP_23,SYN_TOX_SVMP_23 Snake Venom Metalloproteinase toxin from Echis coloratus | Proteolytic enzymes that degrade extracellular matrix proteins,VNHENQDTFRESQLGDCFYCGIDSDCCLEAVCPTNSKHETTHHAGYIHGAYFTEYMHHEVWHAVCIMFPKYASRKHHRLKVQGVPWQETWHKMPMDWRHYLNNVPHKCACKMDWRMETYTLCPSEFHMPFPLDWIIHLACWIVEYFCNHNWKHMNEAKVRHPQNVNDEDHVHKQYTDHTCTCHQHYCVERSPTDIYQLQEWYSTHSQSENHDDIKYRSNLFY,222,Snake Venom Metalloproteinase,Echis coloratus,"['Edema', 'Tissue necrosis']"
SYN_TOX_3FTx_24,SYN_TOX_3FTx_24 Three-Finger Toxin toxin from Micrurus nigrocinctus | Small non-enzymatic proteins with three beta-stranded loops,CPWYCPCKGTHCPPACNNYRTTCVWDTTPCKFWPTKGAACFTGWHTRVFMNRVNHFFCSQRQ,62,Three-Finger Toxin,Micrurus nigrocinctus,"['Cytotoxicity', 'Neurotoxicity']"
SYN_TOX_SVSP_25,SYN_TOX_SVSP_25 Snake Venom Serine Protease toxin from Deinagkistrodon species | Enzymes affecting hemostatic system,RCFWPHRPWVCDIMLIRLFKGRLGDSGGPMYHASDVFKCYYSLHSTWAGLEMFNNRLVMMDWLSLCYSHWLRWCPGKDNDAEWDHRITMFPWWYRSHNHVGRAYQDVDNRMHTPRPLQSFTHIFATQYKHSPHAYTSCMICSIDGLPSLGSDWSEMQTDQSGDHNVGDQICMAWAKFSEIVRVKQSLGDLSVASSPHRKCGAHWERFVQAQICMSAAHGKGKRNPPTRDALMQYYWAHQYAGELFKFIEDGAMI,254,Snake Venom Serine Protease,Deinagkistrodon species,"['Platelet aggregation', 'Coagulopathy']"
SYN_TOX_KSPI_26,SYN_TOX_KSPI_26 Kunitz-type Serine Protease Inhibitor toxin from Dendroaspis polylepis | Small proteins that inhibit serine proteases,ASCRRPQTVSRVMVLDKFTYTCMGCPDMFHYNLCGRNNPLITQSVHKSCYEWAL,54,Kunitz-type Serine Protease Inhibitor,Dendroaspis polylepis,"['Neurotoxicity', 'Anticoagulant']"
SYN_TOX_DIS_27,SYN_TOX_DIS_27 Disintegrin toxin from Crotalus durissus | Small proteins that inhibit platelet aggregation,GGNEGFEDWRSDNCCLVGSDWDRWGPDCYADIQDRGDACPDCEHQVEADCGTTERIVIRGLCMECF,66,Disintegrin,Crotalus durissus,"['Cell adhesion inhibition', 'Platelet aggregation inhibition']"
SYN_TOX_CRISP_28,SYN_TOX_CRISP_28 Cysteine-Rich Secretory Protein toxin from Naja naja | Proteins affecting smooth muscle and ion channels,RFSFQGLGAIWWWEWAYIDCHNIDQPKWGLSMHQTHQGHYTQVNWNEHCWPRQWLICTHFQGQWHRHIGAHPVWNMMYTCAAKCCAAKYWCEGANDFGKPPINHFAYVIHHFTMPTQEDCFKWGQCNNQCVAVLCWMFHYCNNCSWIKYICNKNTSWCFHYLHCWCQLQGTFCGHYWIWRCAGTFCASTHREKKPWWIQCANKACYIMGYFQYIGFETLYHCNYCVVGDNWECCIPKHGPECCPWFP,247,Cysteine-Rich Secretory Protein,Naja naja,"['Ion channel blocking', 'Smooth muscle contraction']"
SYN_TOX_PLA2_29,SYN_TOX_PLA2_29 Phospholipase A2 toxin from Oxyuranus scutellatus | Enzymatic toxins that hydrolyze phospholipids,EDGIEHDCTGFQPVYDVHRKMKHKSHSELNMCMHMFCMRKTRPDLCCVQHDWHRDCGCYCGRGGEDCQEAEAADWTRATPKKECEPGSCNITWALTCCAVHDKCYPIRFEDEQQRLMKADWKCNPTNKMAESEKAHCGRTLHPPNVVK,148,Phospholipase A2,Oxyuranus scutellatus,"['Myotoxicity', 'Cardiotoxicity']"
SYN_TOX_SVMP_30,SYN_TOX_SVMP_30 Snake Venom Metalloproteinase toxin from Trimeresurus species | Proteolytic enzymes that degrade extracellular matrix proteins,PHEMEHYHGCGHQELIFCCLGIYDECDLKPFQHWADYHRSHWQHTPCIKVSMYEKKHYMHGWCMRCLFWHCIMFPDKHMLATQFEDWPVGIFLMFVLLGKDCRKDKSEAKARQMGDVHYVENLADNNRDNMEWNWYCLQTTEWWWSWEWYGKITYVWCGIRCALITWWCMVCNTPGQRTCTMSKGSNTTEDNWCQVTIKDAMWADMVLGYGHWKCKITGCCYWRGFQWH,229,Snake Venom Metalloproteinase,Trimeresurus species,"['Tissue necrosis', 'Hemorrhage']"
SYN_TOX_3FTx_31,SYN_TOX_3FTx_31 Three-Finger Toxin toxin from Naja nivea | Small non-enzymatic proteins with three beta-stranded loops,IYHYITIPKCKDDPCCRHRMCIQRHEEMVCRNDYCPAPWCNCCKAFINCFCSKNCQRCCSVCVMPRNFT,69,Three-Finger Toxin,Naja nivea,"['Cardiotoxicity', 'Cytotoxicity']"
SYN_TOX_SVSP_32,SYN_TOX_SVSP_32 Snake Venom Serine Protease toxin from Crotalus horridus | Enzymes affecting hemostatic system,WDIMLIRLTMLECVKAQYNPLWRVCITGRQMGIHIAWKSQLEWVQSHNYLFRQRPIHCQTSDQFIFWASHDMIFSCKLKWMYSETEHPPTGHEVYQTWAGLGYMHLHVFWGEQYNTMKGCESCKGQKHCHMNHTGDQQRACHRSGDSGGPMSAETPDQWSHFIDFHMIRYHPWYPIIDRWWDHYCISGDCQKHANFQETQLKFRWYYYSTCSYEIEQPHWQNCAHADTHISNCVKDYQWVFPYCHWCSLESISLRSIAAAS,261,Snake Venom Serine Protease,Crotalus horridus,"['Coagulopathy', 'Platelet aggregation']"
SYN_TOX_KSPI_33,SYN_TOX_KSPI_33 Kunitz-type Serine Protease Inhibitor toxin from Vipera russellii | Small proteins that inhibit serine proteases,IGSSKYLKFSCGCPWTFAYRPACIHHCVWKYFMKFPKTCSDARKNTWMKVRRMHVFRTYPN,61,Kunitz-type Serine Protease Inhibitor,Vipera russellii,"['Anticoagulant', 'Neurotoxicity']"
SYN_TOX_DIS_34,SYN_TOX_DIS_34 Disintegrin toxin from Agkistrodon species | Small proteins that inhibit platelet aggregation,NNCKSRGDHCPNYNWFHVFQAGCRSIWCWGEYCYDEHIAHHMQKTSIRNCRDDDVKFRKSCRRNHGDFGPLDD,73,Disintegrin,Agkistrodon species,"['Cell adhesion inhibition', 'Platelet aggregation inhibition']"
SYN_TOX_CRISP_35,SYN_TOX_CRISP_35 Cysteine-Rich Secretory Protein toxin from Philodryas species | Proteins affecting smooth muscle and ion channels,AISCCKYDLFGCAMMLNDADCEGDNCTCNVLASGCRVPQKTCQFNLTYAQDALKCCSNQWYAQAENRQHKLTCLMWNANQGRAHEVLTLLVKKYECADLIWCDMSGQCNCWQCTFIGNLWPHQWMMIGHYTQVQWHNWCLHWVQCLIHVMCHWNRAWFVILAHCTWLNPQVPAKSSLIFMCYVPNIWITAWKEDIQSCCSEFLCEMLSEQTAVGGIGATGHKT,223,Cysteine-Rich Secretory Protein,Philodryas species,"['Smooth muscle contraction', 'Ion channel blocking']"
SYN_TOX_PLA2_36,SYN_TOX_PLA2_36 Phospholipase A2 toxin from Bothrops atrox | Enzymatic toxins that hydrolyze phospholipids,RIHEECIQHVILMVLMDRTSQCQRHFWCDGCYCGCGGCEHFCCLWHDCCYRQHSEIMPKDSEWDPCCHFHDEDFLAEQNVGNERLSWMMYWQWVWMKYHGCACMTFLRFITFWQGVQNAWLLQV,124,Phospholipase A2,Bothrops atrox,"['Neurotoxicity', 'Myotoxicity']"
SYN_TOX_SVMP_37,SYN_TOX_SVMP_37 Snake Venom Metalloproteinase toxin from Crotalus durissus | Proteolytic enzymes that degrade extracellular matrix proteins,FLARCGMSHCEGKPFMQGEISATGESYHWSNELKVCTDQASAWMERKICCIMAPYYEDIYGFSQTIWFQNMCIPIECEKEAGDPWYLLDEYRCMVHPHMYGMFGEVWMHDVKRLFTQTRKMQPLEKDMICFMHFGHQFTCHDEDTWTKYWSHHEPVHQSGMWHTKYDDPEWEHGQDGYRRGITWWSFLYDTNAPHCNFVKHKMKVYMSCYIPDSRVRDMYYKDIFAASWDDTQTGD,236,Snake Venom Metalloproteinase,Crotalus durissus,"['Coagulopathy', 'Tissue necrosis']"
SYN_TOX_3FTx_38,SYN_TOX_3FTx_38 Three-Finger Toxin toxin from Bungarus candidus | Small non-enzymatic proteins with three beta-stranded loops,AGIWMKTPCGIWPCSCVEVPKCRPHCCEYNRCPNCPLSSKKRIELECARHWYRFKVPQRYAPGTRWPRQVCDYRRE,76,Three-Finger Toxin,Bungarus candidus,"['Neurotoxicity', 'Cardiotoxicity']"
SYN_TOX_SVSP_39,SYN_TOX_SVSP_39 Snake Venom Serine Protease toxin from Agkistrodon species | Enzymes affecting hemostatic system,TITGHPTVAFQCSKRPLGDSGGPGWSKGNSHCNEASWPMSHCVPSQHHQMYRVEVWGCETPQKTHMLMDIMLIRLSPQVNSFNASGWNHSTVKYSCWLVSLLDHDENDKTDNSKLVVRIRVCQCNSNVWTKGSQTQPIHIPSVLAQDMWFRQQNFSCGYTWAGLTDWYQLNPFFQEDINWQMKDQTSGTRMPEAAHIFDESLDTSGQNRANHWQHDDFCMTSVLPNERELFHDSCHIHMLFLVMNLAMRELHMNCPHPIETIKFKKDF,268,Snake Venom Serine Protease,Agkistrodon species,"['Hypotension', 'Fibrinolysis']"
SYN_TOX_KSPI_40,SYN_TOX_KSPI_40 Kunitz-type Serine Protease Inhibitor toxin from Hemachatus species | Small proteins that inhibit serine proteases,ASCYQCVHYCCTRPMNMARPACPTHFYYTCSWISDKNPYTCFHDICTGLAWDPDCFCTTCANKQTNIC,68,Kunitz-type Serine Protease Inhibitor,Hemachatus species,"['Analgesic', 'Neurotoxicity']"
SYN_TOX_DIS_41,SYN_TOX_DIS_41 Disintegrin toxin from Bothrops atrox | Small proteins that inhibit platelet aggregation,CHLRWCYYCKPSEFWVQARCRCCEADNRLVVCQPVGWGSLCGRGDVCPCRNGWEECWMTYNKCLRERVISWCLKGICHCI,80,Disintegrin,Bothrops atrox,"['Cell adhesion inhibition', 'Platelet aggregation inhibition']"
SYN_TOX_CRISP_42,SYN_TOX_CRISP_42 Cysteine-Rich Secretory Protein toxin from Crotalus scutulatus | Proteins affecting smooth muscle and ion channels,YGNCHLGFGWCRYLYGQVTGKPSYPFCRASHMDIAHFFHVHREMYHCVRHECPAIGVCNEGWTWCCKVCNTMCTPRPMWNHYQIHPGWKVECFNDRMYHRCEIRNMKSSGDAYKSRTYIKFGLLCMVCGDCEGVNWRCMCCFGHYTQVYWCERRNIKVYYYHGGGNPNRYICYFVGCWTLTDCPQNEFVCCGWPRAMWCRSNVGDTFICHINARCFCWWNKKIDCYFYGV,230,Cysteine-Rich Secretory Protein,Crotalus scutulatus,"['Ion channel blocking', 'Smooth muscle contraction']"
SYN_TOX_PLA2_43,SYN_TOX_PLA2_43 Phospholipase A2 toxin from Naja kaouthia | Enzymatic toxins that hydrolyze phospholipids,RWELPREAVKCKPFPCQCKRSKKVDGCYCGMGGAERVMGCVPGCDVKGLIAPCENMTCCPFHDLCYFHDVDFPIFDIYAIDICCHWHDVQHNHFCEMRPTMQWKKWFGIISEVSHDPTNIDDCPGPDEGIL,131,Phospholipase A2,Naja kaouthia,"['Anticoagulant', 'Cardiotoxicity']"
SYN_TOX_SVMP_44,SYN_TOX_SVMP_44 Snake Venom Metalloproteinase toxin from Deinagkistrodon species | Proteolytic enzymes that degrade extracellular matrix proteins,LHEPCNDPWIIMDWNYARCYMLWDELIDPVLMHPQPMSPIYEAAANKHKLHETAHNNGAVHFFHQVENMSRPENRNKNAIECQHGAELYHPYFNHAVKERCIMAPIYNYLLDGFTIPWRKPSCCNKQNHLHYNKSQFDKMWSGPIETGLGTSYGDMRYLPQFDDDMCNDREWTAQMISPYGDDEEEHILTNDDWRDKNCLWLKSDTWHNHKHHADISRAECITREHMIDHYHWELQHQYLNVT,243,Snake Venom Metalloproteinase,Deinagkistrodon species,"['Edema', 'Hemorrhage']"
SYN_TOX_3FTx_45,SYN_TOX_3FTx_45 Three-Finger Toxin toxin from Ophiophagus species | Small non-enzymatic proteins with three beta-stranded loops,PQLYKHGKFHKGPQNMWICDVQICPCKVCCCKWPPYWWAVQCCYHGPQCNIRLAQMESDYVT,62,Three-Finger Toxin,Ophiophagus species,"['Cytotoxicity', 'Cardiotoxicity']"
SYN_TOX_SVSP_46,SYN_TOX_SVSP_46 Snake Venom Serine Protease toxin from Bothrops asper | Enzymes affecting hemostatic system,FKDHSHSQFHGEYMFSHPVEFMNFGQMDSSQSCPIHDDEFNHKGNRDNSVIVGDSGGPASPRHYFHHSWFKWEKVHGHRQQWKYTCEYTWAGLWRMGVYSWHSTAKHTWNHWPSEAPSHYRKSHWGSSLKHHFCPARMRTHHLFNKQAPLFVQWNCSDIYWDIMLIRLVFHISSATNTSGRDCAVNNPLMTAMTAPSQSFSWSRMDWYCPFVQWDHPSHFHCKWHIFIWCRRTESAVHKKNCHNVHNLPPIQHDLCLWFEIIFNMDCNGTHHSQI,275,Snake Venom Serine Protease,Bothrops asper,"['Coagulopathy', 'Platelet aggregation']"
SYN_TOX_KSPI_47,SYN_TOX_KSPI_47 Kunitz-type Serine Protease Inhibitor toxin from Bungarus caeruleus | Small proteins that inhibit serine proteases,VPCQPKYPNRLGLCVRPIDSHSCPWPFNYVRPDNWGCHYCLKMDNYCWKECMTH,54,Kunitz-type Serine Protease Inhibitor,Bungarus caeruleus,"['Anticoagulant', 'Neurotoxicity']"
SYN_TOX_DIS_48,SYN_TOX_DIS_48 Disintegrin toxin from Echis coloratus | Small proteins that inhibit platelet aggregation,FCHVGACHRPLDFPPSGPHYKGLGSQKTVMDRGWGMSCHGCMFRRAAEIFKTHDKTQRGDGCPFSENWINRHMHDSCRGCTNQERVN,87,Disintegrin,Echis coloratus,"['Cell adhesion inhibition', 'Platelet aggregation inhibition']"
SYN_TOX_CRISP_49,SYN_TOX_CRISP_49 Cysteine-Rich Secretory Protein toxin from Trimeresurus species | Proteins affecting smooth muscle and ion channels,CVYSRRGLYCSWNLCPPWLLHKGQEVQFCEYMYFYCPYKWPQCTPANCEGENHQICPWNEMIDGKMMFCQRYPNWQNCCEKNLCMPWCWRCYGHRMLYSEFLYSCWCMGYCNVHCWPPLVPDCHHIVEWYNGTWRMFFGHYTQVFWELTGCNNMTTSQSESIQMYIVSTQDRAAHIRCHMLPWHARDDCQYSQHACWFIHLKMDTIGNPTRVALHCWLCGSDHCISLLSWDRMCHTC,237,Cysteine-Rich Secretory Protein,Trimeresurus species,"['Ion channel blocking', 'Smooth muscle contraction']"
SYN_TOX_PLA2_50,SYN_TOX_PLA2_50 Phospholipase A2 toxin from Bungarus fasciatus | Enzymatic toxins that hydrolyze phospholipids,KKMAGAWCDCCLSEFTVGCYCGIGGDCYVMTCCPAHDHCYDFGQTNHVQKINHSVFHICDDYIWPTRRLQKHALTVMKCDPCCALHDRVPFLCLDCSCWDHEEHAMTCGDFRVWIHAQFKQATDMQGDEDMKCTYHKI,138,Phospholipase A2,Bungarus fasciatus,"['Anticoagulant', 'Cardiotoxicity']"
SYN_TOX_SVMP_51,SYN_TOX_SVMP_51 Snake Venom Metalloproteinase toxin from Bothrops asper | Proteolytic enzymes that degrade extracellular matrix proteins,VASWRFWHPHPLCTPDIHQDDLYKHRFSWTAMTTQRLLAANYDFEIMVWGIFLLNRSKDDYDWNFTVVSHFNLDHIHVFSCIDMHDYAKDPAEMMFVSHDDTDYAPGGVHEPPHSQGKLHFKCHNQNDHTYCIMNPGWAWTLTGDHVYMSDNQQRAEQRIVIDYNHFHSRHELMGEQFRTCQIKAQTKPHYHPPVPKFAHKDWLLPTDFPSCPDHWWLHRCHRDGDIKEHCVAHAVVVTRLADSIEKYNN,250,Snake Venom Metalloproteinase,Bothrops asper,"['Tissue necrosis', 'Edema']"
SYN_TOX_3FTx_52,SYN_TOX_3FTx_52 Three-Finger Toxin toxin from Dendroaspis angusticeps | Small non-enzymatic proteins with three beta-stranded loops,MDCKNQPCFCKVCPEMLYEFVMINHCGGGHKRCNCCWCKPQCNVVQRHSNWACIEKESWRRYEYWWKCE,69,Three-Finger Toxin,Dendroaspis angusticeps,"['Neurotoxicity', 'Cardiotoxicity']"
SYN_TOX_SVSP_53,SYN_TOX_SVSP_53 Snake Venom Serine Protease toxin from Trimeresurus species | Enzymes affecting hemostatic system,MGATWAGLFDDHYAEFQFHFEHLYHVICADCDCPLNGNAGEMGFHGALDQWPELDPCPYGTAGDSGGPCWCDKDHHMSTVHVFAWQSRHQKNCVHLPHDIMLIRLCHWIICPRMFYHGCHTWIEQKINFNPHSFPHGADEDGDKVDTANIWIAFCADVGHIIYKHVSLHIMIIRSSHDSFTFEHFECHNWGCALCCCAHIFCCHRFMLCNTSDKHMMKTHVDERCEPTYQD,231,Snake Venom Serine Protease,Trimeresurus species,"['Coagulopathy', 'Fibrinolysis']"
SYN_TOX_KSPI_54,SYN_TOX_KSPI_54 Kunitz-type Serine Protease Inhibitor toxin from Walterinnesia species | Small proteins that inhibit serine proteases,YPTWQCWLRVWYCPGHFEYSCHTQHHMLCSPEEAQEPMMMCHRPVRDKTPLHGEYPCFYAK,61,Kunitz-type Serine Protease Inhibitor,Walterinnesia species,"['Neurotoxicity', 'Anticoagulant']"
SYN_TOX_DIS_55,SYN_TOX_DIS_55 Disintegrin toxin from Trimeresurus species | Small proteins that inhibit platelet aggregation,QSNINKRTHLSHAIGFWQDIERDLGNEGPNGMRVAWVCHCFTMCLQSQTCNRGWGERCDNAVVNDNCCQDPMLTKEWQPCCRSWPFAIKPSFAC,94,Disintegrin,Trimeresurus species,"['Cell adhesion inhibition', 'Platelet aggregation inhibition']"
SYN_TOX_CRISP_56,SYN_TOX_CRISP_56 Cysteine-Rich Secretory Protein toxin from Pseudechis species | Proteins affecting smooth muscle and ion channels,YCITYFGGALACCCRASNHYATEKEKGHCPCEGRCNEDHCCVTKVYIAQQNSPHVYCECVSATTSPVSQKAFIYCEGDNKCCHQDSNPPSNVLHYCMHIDIYCQYERNRLMCHCCHPLTFQDKNMCEWWNNCCFGHYTQVFWWIRWCVCQQDYGCQWPCLYLHYSRNLNWHGGETEGWQSSWLSDNEFMWFKNTCWKCVCGECMNMMMSCEWKQHDDCLFVFCLYFGLFMATICCEWRPWNNNS,244,Cysteine-Rich Secretory Protein,Pseudechis species,"['Smooth muscle contraction', 'Ion channel blocking']"
SYN_TOX_PLA2_57,SYN_TOX_PLA2_57 Phospholipase A2 toxin from Crotalus atrox | Enzymatic toxins that hydrolyze phospholipids,DQAYMSVCPKNCCHKHNSIFETGGVHDVFMPMQSGDHIWCSGAIKEYKVWTFYTQHRFKETHCWDIDMCFSEWPHASNGDSCCHVHDCCQSHDHCYTGKFRPSISHYRHARRDRKEFCDRDCPRHKNTECGMLCKSAFMTPHCFY,145,Phospholipase A2,Crotalus atrox,"['Neurotoxicity', 'Myotoxicity']"
SYN_TOX_SVMP_58,SYN_TOX_SVMP_58 Snake Venom Metalloproteinase toxin from Echis carinatus | Proteolytic enzymes that degrade extracellular matrix proteins,CHLEVLDTGDPCQYVMFHAHNPWPQLYMKRWGADTRRHHCIMGPHVYLMDVNCERTYFYDGYTANCFNPEDRVLHFMPSPSDTPGRYVECQRWCRGEEGVFQLDDYWDASRIHESHETYHSAGWGHTDHITIRKPPGVVHCLVYLEECNFEYNNNHDHHVWCYLSCMGFVMGDDNYHSEGKMPHRDCTWYYNHRGPSSTEQIRTFLKEPDVSLCVKKGELHQNLQCCCQKAHDARSNCHNADCAQDTIITKAGRCFL,257,Snake Venom Metalloproteinase,Echis carinatus,"['Coagulopathy', 'Hemorrhage']"
SYN_TOX_3FTx_59,SYN_TOX_3FTx_59 Three-Finger Toxin toxin from Micrurus fulvius | Small non-enzymatic proteins with three beta-stranded loops,AAWAVCFHPRTFQECMIMCKIVPLHCRQKFCCDWNCCRKIRCKCCCYCCNRAYCPDRPFCSSCQEHGYGAQNTIES,76,Three-Finger Toxin,Micrurus fulvius,"['Cardiotoxicity', 'Cytotoxicity']"
SYN_TOX_SVSP_60,SYN_TOX_SVSP_60 Snake Venom Serine Protease toxin from Deinagkistrodon species | Enzymes affecting hemostatic system,CDIMLIRLHQQWWHSKAVEHSPLQIMHSWALIGDRHWQSNVRYFHYNCSLNCAFPKIKWDQISKGYCTQMIAEPIYIEGHSYWKDQHAFEPSWWFCYKEYDNDAGDFYSHQDCLHMTWAGLHHSSICGDSGGPGCWITNQDWQQYDITCCHQWQDFFAVLFSADHSPLATCSMYSYKWYWLQHSIYDSESGVEWCCVQKTSLAGLLLETFAVFSLWHGDTVIIEQKLPDEEWVVEFYH,238,Snake Venom Serine Protease,Deinagkistrodon species,"['Hypotension', 'Platelet aggregation']"
SYN_TOX_KSPI_61,SYN_TOX_KSPI_61 Kunitz-type Serine Protease Inhibitor toxin from Dendroaspis viridis | Small proteins that inhibit serine proteases,CSTLISQNMGDPCMCVCRNPKMTCPPCPMYFAYGMHCPRPMYHYRQCCQCIHCMCFPWCYFRQSLKRK,68,Kunitz-type Serine Protease Inhibitor,Dendroaspis viridis,"['Analgesic', 'Anticoagulant']"
SYN_TOX_DIS_62,SYN_TOX_DIS_62 Disintegrin toxin from Crotalus atrox | Small proteins that inhibit platelet aggregation,IDCVRGDWCPKGGKGNHHCWGPHCFGCAAPGHIMWIDLHD,40,Disintegrin,Crotalus atrox,"['Cell adhesion inhibition', 'Platelet aggregation inhibition']"
SYN_TOX_CRISP_63,SYN_TOX_CRISP_63 Cysteine-Rich Secretory Protein toxin from Naja haje | Proteins affecting smooth muscle and ion channels,FYGQQWVTFDSFGHEFGHYTQVSWRFDDNQTKKPWTVIVHYDCCEGNNGWYFLTCYINMNFFCHDRGWCNLEREGGEFATCCIHDHELSMGWTDETWGQFEDRNQQCFLPICMIPGMCICEAPVSAQTKFKHCSNMTCFLFITCCEWETCCCENNKQKCSNGTVHHTGKCVVMKAPNGKGRLCACQHDKSFQTPPKCCPFSGSGDHCCTAHCDHLHCPYG,220,Cysteine-Rich Secretory Protein,Naja haje,"['Smooth muscle contraction', 'Ion channel blocking']"
SYN_TOX_PLA2_64,SYN_TOX_PLA2_64 Phospholipase A2 toxin from Oxyuranus microlepidotus | Enzymatic toxins that hydrolyze phospholipids,MWKQPRDVCCRKHDDKCYIYNYEHWCCCHQRVQEIGGHGSIWWQPTPGQLCRYPVVKGCYCGLGGPKLNIWCCNRFNRRVCRCIVECLKPEVCRVEEHNDEYMYDQTRAPYYANSFHFCIY,121,Phospholipase A2,Oxyuranus microlepidotus,"['Neurotoxicity', 'Anticoagulant']"
SYN_TOX_SVMP_65,SYN_TOX_SVMP_65 Snake Venom Metalloproteinase toxin from Trimeresurus species | Proteolytic enzymes that degrade extracellular matrix proteins,IKHTCCEHCCSNSKEWQTELVMDALHHQQFAFHVIIEELQSQNHDMLRQETSAMPRNGHHSKCWEKCQLGDYNYSDYCQNPHQCIMVPKVPVHAWINVHTRVADEAHTAWHIFSDIWNCHHLFAEQPNSFEPTKCQENEEQKAQRCYPWYIYYCMGGEGCAIVNFCSHEKGHEMGTHHGGGYEQFLHMRWMMAMQAHQDHMLAAHPDYLSDVPENCTECHVLYLNDFIDWHVRAEEHLVHEYEPTRDYKSTRLHNEAQKSYLQH,264,Snake Venom Metalloproteinase,Trimeresurus species,"['Hemorrhage', 'Tissue necrosis']"
SYN_TOX_3FTx_66,SYN_TOX_3FTx_66 Three-Finger Toxin toxin from Naja naja | Small non-enzymatic proteins with three beta-stranded loops,QIVGTLKYQCCDIIMCPVQPGCCRLCKMCCDEYPDCNHFRTMDFQKWTYMFYVTGHWKISCG,62,Three-Finger Toxin,Naja naja,"['Cytotoxicity', 'Neurotoxicity']"
SYN_TOX_SVSP_67,SYN_TOX_SVSP_67 Snake Venom Serine Protease toxin from Crotalus scutulatus | Enzymes affecting hemostatic system,HIVKGLQGLIVKTRSRTVKITCFNDYMQQINEMSCVERTRRTWAGLSDGETDNQCMWLKLGRHWSDFDQEFPGKQHWSLDQHGHEINPSENIWWDIVSSSYRMHNYPREEMDIKDIMLIRLRLMNDLSHPCHSFKPQSTGTWQSFDEINMGFPVGDSGGPRIHKMWQVEMIDDWPGGNKQSMGRWIRHPCPRETWHDSCFLHWKSCYNGSDEISWWGALGDYCHSMSDHFVTYTTEMAQEGCGYR,245,Snake Venom Serine Protease,Crotalus scutulatus,"['Coagulopathy', 'Platelet aggregation']"
SYN_TOX_KSPI_68,SYN_TOX_KSPI_68 Kunitz-type Serine Protease Inhibitor toxin from Vipera berus | Small proteins that inhibit serine proteases,QPKCWRPPVCPPGFHYTAHNCWHTRKIVIDDCKTQRVWDLIPIPLCTLEITRVG,54,Kunitz-type Serine Protease Inhibitor,Vipera berus,"['Anticoagulant', 'Neurotoxicity']"
SYN_TOX_DIS_69,SYN_TOX_DIS_69 Disintegrin toxin from Agkistrodon species | Small proteins that inhibit platelet aggregation,DRGDRCPDSNCPWGWHCYGDIWTARRSWPCKYCWRRCAGLNWYGGYV,47,Disintegrin,Agkistrodon species,"['Cell adhesion inhibition', 'Platelet aggregation inhibition']"
SYN_TOX_CRISP_70,SYN_TOX_CRISP_70 Cysteine-Rich Secretory Protein toxin from Philodryas species | Proteins affecting smooth muscle and ion channels,GLEYKCYAKFQVAMHADLQHYFVYARDRYHCHSQPPGVFAHRVCTYSGTITTIWCCNWHQAHAPFMWHSCFKYCENVSHKRWHIVWAGRCIDDEQEYEQWRIEDKIPIMCEGCNSDLHGWHTPQCISLAGHYTQVCMQTGVCNPECHTIMMHNHVMRWTGPTWESWYFRGSVIPLCCIKCQGDFIYNIRCDCPSWLCKWVAFHFESREHILHYSMSNCASICWLCSN,227,Cysteine-Rich Secretory Protein,Philodryas species,"['Ion channel blocking', 'Smooth muscle contraction']"
SYN_TOX_PLA2_71,SYN_TOX_PLA2_71 Phospholipase A2 toxin from Bothrops asper | Enzymatic toxins that hydrolyze phospholipids,QMNYQHKGEDFATITEEYRMDNCCYRHDRMCCMFHDICYNRYYYTVCEIIDQEPASKWLVGCYCGQGGNLMDCGQGCDCKKLWDCDMCPTCAVHHSRSESCASCDCGYNHEDMLSTNAKIHGVKWHHC,128,Phospholipase A2,Bothrops asper,"['Anticoagulant', 'Cardiotoxicity']"
SYN_TOX_SVMP_72,SYN_TOX_SVMP_72 Snake Venom Metalloproteinase toxin from Crotalus atrox | Proteolytic enzymes that degrade extracellular matrix proteins,QDDKSSEITVDSDDHTQMCFFLCPNGDHYHIMMTIECGHTEHDRQVAQNMQWNSMAGMQEYCNTCMTFEYKEQHNDELAGIKDMSNYAKYVSHCAPPHCHKNMTCIMVPHRHSTGDALYVISTYPVIYHQMPCCWWKVGCHEVCHITGCTHMSDHCNCEKIKHAYWLHCKQIFDIKHFYSLNPYDKGHAFMCLHFAMNQDWHAEIVLSHIQWQYKNHDFNRRTLQITEETAPGPYTGDGNYGPPQWQLECHHFRDMLLQWEDSGCAGQPII,271,Snake Venom Metalloproteinase,Crotalus atrox,"['Edema', 'Tissue necrosis']"
SYN_TOX_3FTx_73,SYN_TOX_3FTx_73 Three-Finger Toxin toxin from Bungarus caeruleus | Small non-enzymatic proteins with three beta-stranded loops,VGMYYWCDDSTCPGRQENKGFMAQCKQPPIRMVEFIMTCCHHWPLCNNTSAGSCCGKSDARCDRCLYTW,69,Three-Finger Toxin,Bungarus caeruleus,"['Cardiotoxicity', 'Neurotoxicity']"
SYN_TOX_SVSP_74,SYN_TOX_SVSP_74 Snake Venom Serine Protease toxin from Agkistrodon species | Enzymes affecting hemostatic system,SPRSTGAAMMVMMYGDSGGPPYTTCWTYMCGNPKLHTHCHYQATSVPQWDVTGIRTWAGLFYMSMRVLRMFRWNDNHAAHDDICKRVQSHHNDMSWWDIMLIRLVCTPYSLHARTWESILFPDHPFKVNSDASRFHSDINDGMPIGSQMADDMHIYHIQSDLLLDKYMLYMEACWYDNLVQRSGQSRSDHGEMEDTGMFDLIKKCESSDWKTCMLTCQPSSRCRAARIHTLQSCQSHFGGIHVKTIAMFYDP,252,Snake Venom Serine Protease,Agkistrodon species,"['Fibrinolysis', 'Coagulopathy']"
SYN_TOX_KSPI_75,SYN_TOX_KSPI_75 Kunitz-type Serine Protease Inhibitor toxin from Hemachatus species | Small proteins that inhibit serine proteases,YLKCVSSMCTRPYEMAACCMECRVQMKKCPIVFIYECMSGLRHVLFLIKPINLMPACYCII,61,Kunitz-type Serine Protease Inhibitor,Hemachatus species,"['Neurotoxicity', 'Anticoagulant']"
SYN_TOX_DIS_76,SYN_TOX_DIS_76 Disintegrin toxin from Bothrops asper | Small proteins that inhibit platelet aggregation,TCTLNRQWRRLRGDLCPKTWGNCCMAIRADCDTCIELACWMFPDGINYFTLMNK,54,Disintegrin,Bothrops asper,"['Cell adhesion inhibition', 'Platelet aggregation inhibition']"
SYN_TOX_CRISP_77,SYN_TOX_CRISP_77 Cysteine-Rich Secretory Protein toxin from Crotalus scutulatus | Proteins affecting smooth muscle and ion channels,CRTVWHKHVHRCEDCWFFFDPPLEWRRMLSWNWGMYCNGHYCFPPGGCNSVADSQAINPKVYLTFYCTWKFYCEGPDSMTPFHWIFFGCCGPTWHNNCQCYDAHPWRCYLKKSTCEGLNYDWYFCNYMGHADDQIMWMCIGCNQIIMHHCCACVDWNVCHHFKFGYTCEWGLTAHDAGRWKCNMRDNNEGPSAASLFVLNYPCCLSDHEHDPHMSFTETKRDHASFRDQVCIFI,234,Cysteine-Rich Secretory Protein,Crotalus scutulatus,"['Ion channel blocking', 'Smooth muscle contraction']"
SYN_TOX_PLA2_78,SYN_TOX_PLA2_78 Phospholipase A2 toxin from Naja melanoleuca | Enzymatic toxins that hydrolyze phospholipids,WDPNAKVIVGVKLHMNDSRKIRAHSMRDYNNWDTWDSEKDPCCNQHDRCWGDQHFHLVDSCCWEHDACYAEHHELRNRPSNIDFQWGCYCGQGGYQSRTPWNCRDSVWTGLHHDAGWCIATPVGGWCAVLWFKTN,135,Phospholipase A2,Naja melanoleuca,"['Cardiotoxicity', 'Neurotoxicity']"
SYN_TOX_SVMP_79,SYN_TOX_SVMP_79 Snake Venom Metalloproteinase toxin from Deinagkistrodon species | Proteolytic enzymes that degrade extracellular matrix proteins,CMGKAQCWMATHSDGETYEADTVSCDCTVWKYCEDKGKELSFHCWREHHDVEFCKTTPVTPTDIHPRQYDTNQRFEESMGDRVYTTGFEHEPMDRESIDVFLCIMHPWMDFDWWDDMGFEFIAWAILEENELQQMCERWGIPMAHWIGGRCWSAVHDDNFFQLQRISIRIPKIQARMHFLWIFLQEHCSWFEETAQFLKNHLYNYDQLRFANSFGWDHHAVFPKDHQRKMIMVMWEDKLSPRIQVLCIHDMYINHDCPPKAKPTFNYVYIWTIDKKAQ,278,Snake Venom Metalloproteinase,Deinagkistrodon species,"['Coagulopathy', 'Edema']"
SYN_TOX_3FTx_80,SYN_TOX_3FTx_80 Three-Finger Toxin toxin from Ophiophagus species | Small non-enzymatic proteins with three beta-stranded loops,IKCDLGYDTQVGKCVQYPDCAHPAECCPEGCWQADCPHDIHCKHMEEDWYKWSMEICCCDDIENCWPRTTQPFLWD,76,Three-Finger Toxin,Ophiophagus species,"['Cardiotoxicity', 'Neurotoxicity']"
SYN_TOX_SVSP_81,SYN_TOX_SVSP_81 Snake Venom Serine Protease toxin from Bothrops jararacussu | Enzymes affecting hemostatic system,PGRQMWHIGWTKNREYDDTAMSSDVMDPGKLRYWQKPCSSHWHHSHIIHHEVYIECFFYTMHARSECCAVPIQFTWAGLYPNGAHRVKYWYHDETFHDEPDFADLNCSNWFFIVHSGYDIEHRQDDCCLCANRGDRAPVREHDGDSGGPTHDPVRCTQWWLKAVWKQNSQSRRRHASVDNWWMHFWSRTLKRHQRPLDPHVSSTTKDKYVHGYGVHLHAPSSEDHHGWVGTFSSFVPRKVHQQKHCNEIDHFHMRFPCV,259,Snake Venom Serine Protease,Bothrops jararacussu,"['Hypotension', 'Platelet aggregation']"
SYN_TOX_KSPI_82,SYN_TOX_KSPI_82 Kunitz-type Serine Protease Inhibitor toxin from Bungarus candidus | Small proteins that inhibit serine proteases,CWICPHWFTYCRFLPSCPPCCSAGQEKCHRPANFQPMPPNFRWSYCTQNAPHKPSKYWVMNDSKQSHP,68,Kunitz-type Serine Protease Inhibitor,Bungarus candidus,"['Neurotoxicity', 'Anticoagulant']"
SYN_TOX_DIS_83,SYN_TOX_DIS_83 Disintegrin toxin from Echis coloratus | Small proteins that inhibit platelet aggregation,PRAVFHWQCSGRCNYRKNRGDKCPVWGHVCKRWGCDQCVECDCGGSYNCMRNFEAGGGDWL,61,Disintegrin,Echis coloratus,"['Platelet aggregation inhibition', 'Cell adhesion inhibition']"
SYN_TOX_CRISP_84,SYN_TOX_CRISP_84 Cysteine-Rich Secretory Protein toxin from Trimeresurus species | Proteins affecting smooth muscle and ion channels,CYYKKQWICMILYFYNYDVPHCCADLSDWAGVNGCFKTRLLWHCNNVGCDPIPGHYTQVFWLPGCSMCSKWYCMRPGMCNKQVCPLTVHLGKWSPHKCWRPRSTMHSCLCLLPCCEGRNCPGATCRHGDHWKREWMLIGSRHDWDFSRGRKQLCIHNHYHKYMCMDHIHVGIHMANLVHFCTCGAMAINCSCDKVGQSRLRSIGTPSMCDGVLTWGTYWENLQTQWFTFNAITCRNMFLKT,241,Cysteine-Rich Secretory Protein,Trimeresurus species,"['Ion channel blocking', 'Smooth muscle contraction']"
SYN_TOX_PLA2_85,SYN_TOX_PLA2_85 Phospholipase A2 toxin from Bungarus caeruleus | Enzymatic toxins that hydrolyze phospholipids,SGCYCGDFCCDWHDWHSKHAFDWACFCYKWCLCWCKCRGGNSCVCCTAHDYCYLPERCAKGGRIIHEPHVMWQPFCDVCYEIMCFWSDMGYGHLQHCAHMNKTIKVHVKNMSHWICDWRHMNDDTFKVHMQPKNKGDSMSFN,142,Phospholipase A2,Bungarus caeruleus,"['Neurotoxicity', 'Cardiotoxicity']"
SYN_TOX_SVMP_86,SYN_TOX_SVMP_86 Snake Venom Metalloproteinase toxin from Bothrops asper | Proteolytic enzymes that degrade extracellular matrix proteins,YNPPKFMSIYPCWWSHNMIMRGKNRCTGDTMMFIYIHHNTQSPNEARLMWTLTVKCCSAGDLNYQTPETRMLCSCTYAADNKGKNVHQGMYYPEDWWHINLYFIMPHQVHETCKMYWCIMMPLLRGCKNHWDDNPVEKGNEWVDCPDNEWTELYVLEMAGDLLHLVHSDLDEARSTADFHETRHYGGFRHQEKKQYRKHDLYWMNQEQQTMLLSCANHVYNTDHYNDAEGDKGFVQDWPMCDKSTDPMCCHDCKWCHNYDDFHAPHHKDKVFQHTHFHDETWWSH,285,Snake Venom Metalloproteinase,Bothrops asper,"['Edema', 'Hemorrhage']"
SYN_TOX_3FTx_87,SYN_TOX_3FTx_87 Three-Finger Toxin toxin from Dendroaspis polylepis | Small non-enzymatic proteins with three beta-stranded loops,LRWWRQPGCCHWYPSCNYMCIGGRWQNPWYACKTGPDCRFCCRRYCPFMWEVCQHICIMNKG,62,Three-Finger Toxin,Dendroaspis polylepis,"['Neurotoxicity', 'Cytotoxicity']"
SYN_TOX_SVSP_88,SYN_TOX_SVSP_88 Snake Venom Serine Protease toxin from Trimeresurus species | Enzymes affecting hemostatic system,KLINNEEMDIMLIRLMYFWSKTCSGQYIAKELIFRLIQGMFSNKGRDKCMSWMHMQDYWLTWAGLTPPESSERYGGGTCGDSGGPHVNSVTLMCGVLNLQENPWMMHTCNHRSWQGTASEHWMYSEEHVRGSFWADPWGMQQTLTMPDHMAWGVLQADEFNLINSNMKTQVDNHGSRRFGEHYLYHMRFDSMAEEDMLKACSVVNICDYSDSAMISQETLCDIEIACHQPMSGMDELALRQCDDFQVGWSYPLCKKQFLCSRSQLW,266,Snake Venom Serine Protease,Trimeresurus species,"['Hypotension', 'Platelet aggregation']"
SYN_TOX_KSPI_89,SYN_TOX_KSPI_89 Kunitz-type Serine Protease Inhibitor toxin from Walterinnesia species | Small proteins that inhibit serine proteases,CQRPNMSKEEKTAYWYSRHDVCHPCTRICYMKRYARCPDAFIYKPVFNEQCGPL,54,Kunitz-type Serine Protease Inhibitor,Walterinnesia species,"['Anticoagulant', 'Neurotoxicity']"
SYN_TOX_DIS_90,SYN_TOX_DIS_90 Disintegrin toxin from Trimeresurus species | Small proteins that inhibit platelet aggregation,GGCMKWQHCWNERQRGDPCPLCGMFTLLLMRPHWGVQCCRSCNRCFMRKDWDYVRCGDVITVTANVYG,68,Disintegrin,Trimeresurus species,"['Platelet aggregation inhibition', 'Cell adhesion inhibition']"
SYN_TOX_CRISP_91,SYN_TOX_CRISP_91 Cysteine-Rich Secretory Protein toxin from Pseudechis species | Proteins affecting smooth muscle and ion channels,EYHHWPWYAAVDDAPCGQRWREGLGCHHKPAQHGCIVYSNDHIPYGTQCHNEADWHRCVQLTWVPHCDRAYPVPWLCYGHDTTCRCFLRHYWPAHDCGDGAEHEYELHHINCPLQEWWACNVKSCEGDNDLWSGQANQTRYEMKTRMTPCTVRGSCNTTEDCNCGHYTQVVWLIPNESQQMCEDHSMKRIAETMMPQHGIWEQMYCVMRWWFMCQLLWRAMCDIQNHRFCRKTWTRRYYPGCMMCCWN,248,Cysteine-Rich Secretory Protein,Pseudechis species,"['Smooth muscle contraction', 'Ion channel blocking']"
SYN_TOX_PLA2_92,SYN_TOX_PLA2_92 Phospholipase A2 toxin from Crotalus adamanteus | Enzymatic toxins that hydrolyze phospholipids,PHGCYCGNGGFTTTQFVSRFRRLQPFMNLWTHDPCCFCRMWQWCWDKCCSKHDRMKQKKKKCCCCHDECYCEQSHYVAMAMFACIRKLHKQTGHFKFNNGPYGDWDSVVSCVYVAFLVHDCTGWNMWMGINHICHGQCQHWACNKCCMS,149,Phospholipase A2,Crotalus adamanteus,"['Anticoagulant', 'Myotoxicity']"
SYN_TOX_SVMP_93,SYN_TOX_SVMP_93 Snake Venom Metalloproteinase toxin from Echis coloratus | Proteolytic enzymes that degrade extracellular matrix proteins,DRWQHDYPIHGMWQDCWEWEPMHSLERQRAHESALLPTLYIMFDLFLDCNNGHCPEDRHTTTRYLNCPDIMYGKHDSLHSWRCVWRYCLCSGDEHYVWDGHEHGHPGGTKHMQCIMTPIAPSGGAAPTEETNPFKRDVLVLQLACWFICERWWMPASSIQLDGDCIEFQEIDPPKFFQQRMAGQIGYSGDEMYYIQRDRCHPETEREMFHHRGQTQIPDQHKFIHYEMEPMWPFTHYQIENYRFTTQHVECHSCQICAIRFDYGNQGCEGTLSDLPWWCHIANHYCMCMGQA,292,Snake Venom Metalloproteinase,Echis coloratus,"['Hemorrhage', 'Tissue necrosis']"
SYN_TOX_3FTx_94,SYN_TOX_3FTx_94 Three-Finger Toxin toxin from Micrurus tener | Small non-enzymatic proteins with three beta-stranded loops,THKGCCVGKPKCNMMQRKCIRNMWTLPCSPCKVGTCPSPIGFHEQWYEVYKLCVYDYRGHGCIFWCHQY,69,Three-Finger Toxin,Micrurus tener,"['Cytotoxicity', 'Cardiotoxicity']"
SYN_TOX_SVSP_95,SYN_TOX_SVSP_95 Snake Venom Serine Protease toxin from Deinagkistrodon species | Enzymes affecting hemostatic system,FRWNYSDQLHIQIQDRMEEDLSMSVDFSWYHHCFTGMHKGNEDGTSQVKNEYIDHMISLDQNLHTYDIMLIRLHSIVQDSCTSRYASFWCQAGTMAESIKCHLSSTWAGLSPRNHDEGGCIFETKVWPGDSGGPMDIFTLTMEDTDCNCRDTLDCGNQMMYQRLRHDIPSVMALSHSFCHAQCPPSEEIQSIHCCDYERDLPRIKDLMKMYVVSNSQWHSDEYFPLCDARCHISNPNNISMWLNECRSRHGIQECNGSNHTYNTPDYDIVKEI,273,Snake Venom Serine Protease,Deinagkistrodon species,"['Platelet aggregation', 'Coagulopathy']"
SYN_TOX_KSPI_96,SYN_TOX_KSPI_96 Kunitz-type Serine Protease Inhibitor toxin from Dendroaspis angusticeps | Small proteins that inhibit serine proteases,LYQVSAAKCIRPPATCQDELMCPVYFCYDDERYHYFLQDCEWKDYPDSMPFDVNPHRRFNR,61,Kunitz-type Serine Protease Inhibitor,Dendroaspis angusticeps,"['Anticoagulant', 'Analgesic']"
SYN_TOX_DIS_97,SYN_TOX_DIS_97 Disintegrin toxin from Crotalus durissus | Small proteins that inhibit platelet aggregation,WVRSCPSGDSWLCRSFRCEDAEWGRICRGDMCPMFRCCPRQDEQGGQVLIRPMRRFCYGGQNQPVHVPCSKGDCR,75,Disintegrin,Crotalus durissus,"['Cell adhesion inhibition', 'Platelet aggregation inhibition']"
SYN_TOX_CRISP_98,SYN_TOX_CRISP_98 Cysteine-Rich Secretory Protein toxin from Naja melanoleuca | Proteins affecting smooth muscle and ion channels,FECSSRRLHTQHGHYTQVMWPSRKWSMLTFPQVQCPVVMMHYRLFIPCWHWMRKHENPCPTYCGCRGECNEGRNQTKYPCPFGHNHEGQADMWECRNDNPKENWRVPCHAKLGRTLYDRYKGAAMLKANMWLPIRFNIMNHDFRRDYFKFLSACGPGNHLAHNKYWKTDHSFVTGWHFFCKHARKRAVNGWQHKHSFRVGCNEKLWEWLCVLVFYISQNSADCM,224,Cysteine-Rich Secretory Protein,Naja melanoleuca,"['Smooth muscle contraction', 'Ion channel blocking']"
SYN_TOX_PLA2_99,SYN_TOX_PLA2_99 Phospholipase A2 toxin from Oxyuranus scutellatus | Enzymatic toxins that hydrolyze phospholipids,WLLQRSSMLDRHCKWACNRSANWLWKDTLDFFTECRDGHRSPCGCYCGDGGSQYCCRNHDTCYTWVVHDDWCCYGHDGNWQQSYQFEDCDEMIITLPKQSACIWEKYKEWVSFHCCAKRCQVYSH,125,Phospholipase A2,Oxyuranus scutellatus,"['Cardiotoxicity', 'Anticoagulant']"
SYN_TOX_SVMP_100,SYN_TOX_SVMP_100 Snake Venom Metalloproteinase toxin from Trimeresurus species | Proteolytic enzymes that degrade extracellular matrix proteins,TVENKDTCDLSYHPPRYMWSWPEQTDDSRQTLLGIAKWDRVVRSVDPTHQAQNTCETNCWTMGCMNKNHFHEFKPSENHYDSTFIPHLDFKEIAGIEHCWHEEKHSGGMRHDKICQCSRHGACMDRPKRMELSMHSHEYCSMSDGEDYHFESGDPAYHIWWEYSYQACYAQWLEQCIMIPCHQGLSEIIASATDKSNQIRVDKHSYPMQLHWFLFAVNCIWFCMGNTMVMYKNRMGCSCHRLDMCEPLDKYVYILSNAWLYKQDTLGDETNMQMIEQDWSENLDVVEALEVYTCIAGID,299,Snake Venom Metalloproteinase,Trimeresurus species,"['Coagulopathy', 'Tissue necrosis']"
SYN_TOX_3FTx_101,SYN_TOX_3FTx_101 Three-Finger Toxin toxin from Naja melanoleuca | Small non-enzymatic proteins with three beta-stranded loops,CCNDGPECNCWHFECMHKRCTGDCCPMHEIHDIPGAENDIKIMRQCEYVKSKACPCEALTQQFIFCSENFVRMKLL,76,Three-Finger Toxin,Naja melanoleuca,"['Cytotoxicity', 'Neurotoxicity']"
SYN_TOX_SVSP_102,SYN_TOX_SVSP_102 Snake Venom Serine Protease toxin from Crotalus durissus | Enzymes affecting hemostatic system,ASSDWEAEVDTHFRTCQERRCVNDSQHVSHDLKCHEDESLACAYYFISYSPYSVLEQQHFFQCAMYHDDIGNEGSLKGEDIARIKKHKDIMLIRLNRHELSQEIAKVYFNYMKIRHCWDTTERSHHQLCTHQASAGMHDAVMQHRGKGDSGGPFSLSRQRTWAGLAHEVEPERHLSAHLSEWTHGAARECPILYTNSGIHSIRNMKKNQSHAPSLLLHADQDHKECHATWAIENFITSCQHWWTFYRHHSYRWIDHWKMAHYDIGIDSGVKGICVSQQCH,280,Snake Venom Serine Protease,Crotalus durissus,"['Fibrinolysis', 'Coagulopathy']"
SYN_TOX_KSPI_103,SYN_TOX_KSPI_103 Kunitz-type Serine Protease Inhibitor toxin from Vipera russellii | Small proteins that inhibit serine proteases,EEDCSEMDRGPGKIEWIQACEPWAYITCMNRGAKCLRPTAHVQCPKAFEYRAVLKHQCMCCDRHTLNA,68,Kunitz-type Serine Protease Inhibitor,Vipera russellii,"['Neurotoxicity', 'Analgesic']"
SYN_TOX_DIS_104,SYN_TOX_DIS_104 Disintegrin toxin from Agkistrodon species | Small proteins that inhibit platelet aggregation,HQCINTHCMLWGVYCGCPSECYCGDGPKPDCLYTHKMSFKPKGCQAKYREQCDAHGNYSVIRLMYSSCMSCGCCGIVRCFDA,82,Disintegrin,Agkistrodon species,"['Cell adhesion inhibition', 'Platelet aggregation inhibition']"
SYN_TOX_CRISP_105,SYN_TOX_CRISP_105 Cysteine-Rich Secretory Protein toxin from Philodryas species | Proteins affecting smooth muscle and ion channels,CYQLYYWSTREDHGMIMTQYHQMRWCMLYSAYSIYWPQPDWSCCIPFCMCDKMCTWSNCNLCMGHYTQVKWFRCTKACQRCHCESGCHFCRSAAFCPRCCLPECRFFQWICWWCEGWNMRCWFGIMCHDYGMCNCYLQNRDWKNEHLLYALPCQHDVCCHRMDFTCKARLKTQWIYQCLDWWGKCRMVFRWIAHIEPCQMPIIEGEGWEVCWAPPQSYLKNTTMYFCHECW,231,Cysteine-Rich Secretory Protein,Philodryas species,"['Ion channel blocking', 'Smooth muscle contraction']"
SYN_TOX_PLA2_106,SYN_TOX_PLA2_106 Phospholipase A2 toxin from Bothrops jararaca | Enzymatic toxins that hydrolyze phospholipids,HCDQNQHEQTWGKKMSPNCVHACGWGGELMGCYCGHGGFCYMTCAKQICTLPQNEDDQHFCCQHSTGLCDHCCPFHDVDCDHYNWHHAESASPWKYPLCYSWKLEDPKSFHYMLSYCKEWHDKHVRPYSWRC,132,Phospholipase A2,Bothrops jararaca,"['Cardiotoxicity', 'Anticoagulant']"
SYN_TOX_SVMP_107,SYN_TOX_SVMP_107 Snake Venom Metalloproteinase toxin from Crotalus atrox | Proteolytic enzymes that degrade extracellular matrix proteins,FHRCPEDDCKWETPGDVIIRWWGMIWQMRHDAYPWGHWDLNDHHEIPAWFIEYKRTDELREHDHKGYIPCSPDCWQDGNQDIHMHNEDKHCVVIRWDGNWRDNYCGYHMSLGKHVKEPFCTARHEYIHTCGIIHCDTIGPTHVEVYTCMPLKLDYFDGHMQNTNEEKMFHYSRMESWAWIKHNAHTICLDVDCKCWDYYGDSYYCIMTPCTVLNDQEERKQIMCHKNKTNQVVKEDFTEVKEDEIEGETLFKINVFWDKDEDCEMSATRMKIRRWPKKFCTDDTKVKDMMFAWKAACTDVCKTNYD,306,Snake Venom Metalloproteinase,Crotalus atrox,"['Hemorrhage', 'Coagulopathy']"
SYN_TOX_3FTx_108,SYN_TOX_3FTx_108 Three-Finger Toxin toxin from Bungarus caeruleus | Small non-enzymatic proteins with three beta-stranded loops,PTKFWSVECCKHCRIRNCPWFTQTSCCHCRMRWWYEYTFCFTKHRHCCPWIINCSCKEMMGV,62,Three-Finger Toxin,Bungarus caeruleus,"['Cardiotoxicity', 'Cytotoxicity']"
SYN_TOX_SVSP_109,SYN_TOX_SVSP_109 Snake Venom Serine Protease toxin from Agkistrodon species | Enzymes affecting hemostatic system,NFPMKGDSGGPNDLMKENCLLRPKAENAWFLEDVHDGNCTCQTDHHSVCVHPPFQVHTCSWECNWNSQMSCIFEDWPGSTVWYCVHNKAATPRSIIHCPSIVTRRTWAGLPWIPRCFIGTMGQTSFFDIMLIRLRYQNWDPMASYWVGVKVHSLESILQLLHMMEMGVQTNLSPSRCLDASCPVKHYACPTGDEDGQGNRANKMGPDYSVTCSDSPKHKCESQQVPTLATHLQLAK,236,Snake Venom Serine Protease,Agkistrodon species,"['Coagulopathy', 'Hypotension']"
SYN_TOX_KSPI_110,SYN_TOX_KSPI_110 Kunitz-type Serine Protease Inhibitor toxin from Hemachatus species | Small proteins that inhibit serine proteases,VCPRDFIYRDHFCTECQSCPRPQTNMANYMKQCCFCRHVKCRPYCCEGCMPEVV,54,Kunitz-type Serine Protease Inhibitor,Hemachatus species,"['Neurotoxicity', 'Analgesic']"
SYN_TOX_DIS_111,SYN_TOX_DIS_111 Disintegrin toxin from Bothrops asper | Small proteins that inhibit platelet aggregation,DMCLESVWCSLTRCWTFTPKPRWGWWCEVRGAWDWITNPQDGAIRFRGDRCPCGRQDWCLDACGRCCKQACFRCACGQLKLVIGWGTCS,89,Disintegrin,Bothrops asper,"['Cell adhesion inhibition', 'Platelet aggregation inhibition']"
SYN_TOX_CRISP_112,SYN_TOX_CRISP_112 Cysteine-Rich Secretory Protein toxin from Crotalus durissus | Proteins affecting smooth muscle and ion channels,PPEMHYGWIRVHWKLPYIKGQYFWHYKPDSWCWWELTEWCCCGKQETWKPLIPKRWSVRQHVQDCCNFGHYTQVFWLVANNYGCEYVVMDCPCCESRRRTWICGAIYEQKECEGLNWLKEMVLCLVSGQCNASQHRTNECYLMYQDAYQHEGTRYWQTIWCSCGPWCGMSCVQSVFDQYKENEEWAARWNAPCTIGPEKYFNTVWMACHYDMCTEHNWFDMCENRPSWRPKMMHRVGQ,238,Cysteine-Rich Secretory Protein,Crotalus durissus,"['Smooth muscle contraction', 'Ion channel blocking']"
SYN_TOX_PLA2_113,SYN_TOX_PLA2_113 Phospholipase A2 toxin from Naja nivea | Enzymatic toxins that hydrolyze phospholipids,SCHGCYCGQGGSEHSGSFPKCWMDAENSYTDIDLVFKHEKYMQAHHSITINCCRVHDTCYCKYDLITHVPLLARPCRDKSKIPDTYPYPPDFCCCNHDHLCFMCFMCYQEQVACMNDFIPQHKEKVWVMPCQIPRTIYR,139,Phospholipase A2,Naja nivea,"['Myotoxicity', 'Anticoagulant']"
SYN_TOX_SVMP_114,SYN_TOX_SVMP_114 Snake Venom Metalloproteinase toxin from Deinagkistrodon species | Proteolytic enzymes that degrade extracellular matrix proteins,RHMTCKSARVAVQNYQEFKAERIDHAPYMGRQQPLHEQVHFEGIHHDLFGTTWSHFVHVFFASCIKGGFTNGNIMFCWNEEPMMSHGTDCDFWLGDIPYHWEEHNKHAMRIGTCEMYDQGHRWHGCIVHQVISLASDHITMTNTIIMDEHSRMSNVNLQPIKNWTHMEFCIMAPEHCCEWVEMRVEDSKHYTLACCVERDQDATCRHFYDDTIQHRPIMPLHCKHWEWDYCSQVVATLWYVTQAANNIHKKKHCDHKEPSVCIMNKYAYLSIYGINFDIHYIHLCYFEWWEVMDFELDHGCCVWCEEEAPCSY,313,Snake Venom Metalloproteinase,Deinagkistrodon species,"['Tissue necrosis', 'Edema']"
SYN_TOX_3FTx_115,SYN_TOX_3FTx_115 Three-Finger Toxin toxin from Ophiophagus species | Small non-enzymatic proteins with three beta-stranded loops,YAFCMTLCKCCKMKPACNPCDNDYCPFHLQICNGEDPCDQKINGHKCTRDQVHCMTVCLGAQWVYCAVC,69,Three-Finger Toxin,Ophiophagus species,"['Cytotoxicity', 'Cardiotoxicity']"
SYN_TOX_SVSP_116,SYN_TOX_SVSP_116 Snake Venom Serine Protease toxin from Bothrops jararacussu | Enzymes affecting hemostatic system,DPPCGDSGGPRTTNCFSDWNIELPYHLFERMPICSDAVADTHQWQKSEDIMLIRLLKWHQMAQLVWQFGENTKWHLALSWNSTVWDKECGSNEDYFVHQQSNSKDGHWTNYDLQFFTAEAKSRTIIYADNWCNRRSNGAQITWAGLTPTEWVHRSPVRDHDQKRLNTYDAARKDVIKGENGIQCMHHTVGCCSQADISCHHTEVKEPEEDHHLWWDTCSVSEHPLLADINKSNHCVSSRCSVN,243,Snake Venom Serine Protease,Bothrops jararacussu,"['Coagulopathy', 'Platelet aggregation']"
SYN_TOX_KSPI_117,SYN_TOX_KSPI_117 Kunitz-type Serine Protease Inhibitor toxin from Bungarus caeruleus | Small proteins that inhibit serine proteases,CYRPWIPEKHMVCWNCNIQQTCWDPCYKPLPALPRCPDLFTYKNNRLYHEWTPCQPFTWSE,61,Kunitz-type Serine Protease Inhibitor,Bungarus caeruleus,"['Neurotoxicity', 'Anticoagulant']"
SYN_TOX_DIS_118,SYN_TOX_DIS_118 Disintegrin toxin from Echis carinatus | Small proteins that inhibit platelet aggregation,AAVWGMACGCTQQGCCLWQELDNGMILRAEAEESEPRRGDICPLMDEWDCDCARESGQDGEGCHCIIDCNSSVYIYEFSGYCMCDGSCGWPGHVCA,96,Disintegrin,Echis carinatus,"['Cell adhesion inhibition', 'Platelet aggregation inhibition']"
SYN_TOX_CRISP_119,SYN_TOX_CRISP_119 Cysteine-Rich Secretory Protein toxin from Trimeresurus species | Proteins affecting smooth muscle and ion channels,CRYVSEVGEMGPWADKWENLGYVETYLLCGFHLSTMQWIDCFMNHPYDEPCFSIKVGTDQWCIGCEGANHFCFQINQEFEEPYEMLTFDPKAFAITCVECCNCQVPGVCNWAVMIHQHISQSCMAGACMNHHEDQFKCAIADWKPSYGHYTQVPWLPDDWCRVLAYVRGCPMNRISRKPHPYKCFLLMDTTHPWWNYIRSNTRNVTICCCSHEICCLCYGSQPNKGIDWKIQIDCPYRWYHASSE,245,Cysteine-Rich Secretory Protein,Trimeresurus species,"['Ion channel blocking', 'Smooth muscle contraction']"
SYN_TOX_PLA2_120,SYN_TOX_PLA2_120 Phospholipase A2 toxin from Bungarus multicinctus | Enzymatic toxins that hydrolyze phospholipids,YCEPSWKRGPPFCMCNTDDNRCMYINFLGCYCGLGGAGQISWCWQDDEDLIIHPLNKRLMWGADPGLVHNYNGTDHCCLGHDWHGTYDCCKKHDNCYNIEFWRRNGASSWLLQQAPYLATAQDGHVDRVQPQHLFYRDHRPSLHLV,146,Phospholipase A2,Bungarus multicinctus,"['Cardiotoxicity', 'Neurotoxicity']"
SYN_TOX_SVMP_121,SYN_TOX_SVMP_121 Snake Venom Metalloproteinase toxin from Bothrops jararaca | Proteolytic enzymes that degrade extracellular matrix proteins,FWSLNMLGYFLCFEHPARDQICISVLCDYYHDKDKFPMVVDWSHKCTHCKGFPMYCPPEDHELNHTRGHDHDISEFIHMHLCWLAYCHCMNDPYWPCWERENDTMSLNGRCTDGRCMCNCNWFRTIAEDDYEVLRGDTIYHVAFPVLHMFEFLETQDEHWYQESSNIGYEFTVLNDAVSKKCFWAPSCLFTLHQSEGPWCGAAIAPWKCIMPPKGQVQVTHSYTEDVSQHCMYRMCEESHGQGVFMWNVNSQTVAHHNAAELDYEHHDFERAATADGYLISSGHAFVPRTAESGHPKQTDRCATMAATAINDWHRKIDNH,320,Snake Venom Metalloproteinase,Bothrops jararaca,"['Coagulopathy', 'Hemorrhage']"
SYN_TOX_3FTx_122,SYN_TOX_3FTx_122 Three-Finger Toxin toxin from Dendroaspis jamesoni | Small non-enzymatic proteins with three beta-stranded loops,GLRMTNDSEQQCAKRTKGTCKWCYGKVCPNCLTWPRCMGCCYKCPACNCCKCMPLLGMCCYGRPPVYHECHRCCNC,76,Three-Finger Toxin,Dendroaspis jamesoni,"['Neurotoxicity', 'Cytotoxicity']"
SYN_TOX_SVSP_123,SYN_TOX_SVSP_123 Snake Venom Serine Protease toxin from Trimeresurus species | Enzymes affecting hemostatic system,KCCGNETFRTWAGLGPLEIHSNLVEALHHHSSNDHGHMDHSFVIVWSDYHGLGDRFKGIICVLVAKECINWLPSHWANPERCVALLENKKTHESQAACYAFQDDSDLWSYNSEQYPSFPKSNQVEYQVRMDIMLIRLDHSRMGPHCDFLGDQFFNGLQCHPHMFNNKLHPHQNYSSLDNHFCYAWFEAWCRQRHSILLRGRRCDDNMSCNENHVHRPSFMSTRIVHKNQEYGHNSNHDGVTYFATANNAE,250,Snake Venom Serine Protease,Trimeresurus species,"['Hypotension', 'Coagulopathy']"
SYN_TOX_KSPI_124,SYN_TOX_KSPI_124 Kunitz-type Serine Protease Inhibitor toxin from Walterinnesia species | Small proteins that inhibit serine proteases,LQTMECKKRRHEHNNVNGSCGLCTMAQMKDECTRPMANRKGSCPKPFVYDVCVNDWFVLWPYVKAANW,68,Kunitz-type Serine Protease Inhibitor,Walterinnesia species,"['Neurotoxicity', 'Analgesic']"
SYN_TOX_DIS_125,SYN_TOX_DIS_125 Disintegrin toxin from Trimeresurus species | Small proteins that inhibit platelet aggregation,HLRKMHCSCPHCRSAYDKGWWGCHCECPVTRLRNMFCCVVME,42,Disintegrin,Trimeresurus species,"['Cell adhesion inhibition', 'Platelet aggregation inhibition']"
SYN_TOX_CRISP_126,SYN_TOX_CRISP_126 Cysteine-Rich Secretory Protein toxin from Pseudechis species | Proteins affecting smooth muscle and ion channels,FIFEFGHYCATQGMCNRYYNCCTQIYAFDMETSIHSCRSGAHNHHAIQQRMVPCFSCVTEAREVICEGGNICRYDPAWCVFMRLYNFTTWNWAKFGGHANEPTWLWYNWSIHHWVYAPLNNMCLGHIFCHNTAMKACVKVHCVIMQGWNNTKLIDSRQCHNALSQNPKLFNWCPRGMKAFTKKRWPNFCKPAHMGACVWYSWYWQRPHPNESLKKAASDTS,221,Cysteine-Rich Secretory Protein,Pseudechis species,"['Ion channel blocking', 'Smooth muscle contraction']"
SYN_TOX_PLA2_127,SYN_TOX_PLA2_127 Phospholipase A2 toxin from Crotalus atrox | Enzymatic toxins that hydrolyze phospholipids,SRAIDKLVTDDHDSCCQYHDMCYAGWHCTQNVCVEHTQCAHWVLCQMSDYWDMRVPGMTRLEPRNHHWMGWVLQGGCYCGFGGGCNAEENCWNEVELHIHQRGDIRDLSIAYFLIEARHDLG,122,Phospholipase A2,Crotalus atrox,"['Cardiotoxicity', 'Neurotoxicity']"
SYN_TOX_SVMP_128,SYN_TOX_SVMP_128 Snake Venom Metalloproteinase toxin from Echis carinatus | Proteolytic enzymes that degrade extracellular matrix proteins,CWHRQNCYRVAHMDRILNMTLEHDDEHFHWDGCVNLTREVYMKTNDHHYHPQAFVPMDCHNQHEAIHDKGAQHEFMIDWDHEVITMEVRIPKDLGLIVGEVEPCIMSPGHNRWDRVAGLWWKRLNTQHVKDGWHICHMPMVCEYFEDKRIRDMKEWPMDVEHGDAYYPFCWEYAHKQVLINRMNMKTSHLCKDTRLWNHDHGKFSDQQAPTGKETQVEGDDCNTEQAMNCMPAMYSQSFFSTEATIADAFAWDGDGCMFVGKFYHHRQNGLAFGWPNTPCDEGTFRCIMRWEYKNYGWGLIEDEKEYTAKATFQLAMHTPQEEFMCI,327,Snake Venom Metalloproteinase,Echis carinatus,"['Coagulopathy', 'Hemorrhage']"
SYN_TOX_3FTx_129,SYN_TOX_3FTx_129 Three-Finger Toxin toxin from Micrurus nigrocinctus | Small non-enzymatic proteins with three beta-stranded loops,CMRAPCPNVMRCCKQWPKHCCCELQPKCNNGFRCRMNRFTQEIHTCHWYTVKINAMDYPSCM,62,Three-Finger Toxin,Micrurus nigrocinctus,"['Cardiotoxicity', 'Cytotoxicity']"
SYN_TOX_SVSP_130,SYN_TOX_SVSP_130 Snake Venom Serine Protease toxin from Deinagkistrodon species | Enzymes affecting hemostatic system,DIWGWQMNMTNFLIQPIGRVDPAIHACPACATSSSWMSTHMRGDIMLIRLSSEIIGKHFQYYMPFCWNQLQFSDRHDTWAGLSKNFFFPFYIWNADQEKHHENLSGDSGGPLHGAGQKVYMHVAVSVIYVSGEWCTQYNEHSGNFQDTICQDPEYGHAIQNHGFEGKESMTWDEQENQWCHSDNHQDCQSIYSARVHIRGNAGENADEPWVTIEAQYTYSDRDNTMMPRYNPQSQPNLTMFICHDSYSHRSDKLCPS,257,Snake Venom Serine Protease,Deinagkistrodon species,"['Coagulopathy', 'Hypotension']"
SYN_TOX_KSPI_131,SYN_TOX_KSPI_131 Kunitz-type Serine Protease Inhibitor toxin from Dendroaspis viridis | Small proteins that inhibit serine proteases,KECSCPARFDYCHIAFRHNDCFWWTFKGRKEFCYCGDVFWMGISNTAHWRKCQH,54,Kunitz-type Serine Protease Inhibitor,Dendroaspis viridis,"['Neurotoxicity', 'Anticoagulant']"
SYN_TOX_DIS_132,SYN_TOX_DIS_132 Disintegrin toxin from Crotalus horridus | Small proteins that inhibit platelet aggregation,CTCGWQHRQKWGLWCDICPQPQRICVGFIDNQRCGCWRDVEMYMQGGEK,49,Disintegrin,Crotalus horridus,"['Cell adhesion inhibition', 'Platelet aggregation inhibition']"
SYN_TOX_CRISP_133,SYN_TOX_CRISP_133 Cysteine-Rich Secretory Protein toxin from Naja naja | Proteins affecting smooth muscle and ion channels,CPTSPCGLFHQSMDVHTTWWMDMNHFCYNPPHWCEGFNHYTQVGWIVWQAKCSVEWQMNHKCEVCFSKNCWFWFICGALWRAILDSMQCTLDFLAKCRLAHSTRLEAGAGPRIHHNKFGNLCVCQGRYKWCFEPMCINDGCCNNNMHCSRYMTDHPYCIEMWMKQNSAMKMHTKFCLCMFCIIQIDSLISTCNAYASMWMKVNIKSFYNATYCNASNFHCHAQNACWV,228,Cysteine-Rich Secretory Protein,Naja naja,"['Ion channel blocking', 'Smooth muscle contraction']"
SYN_TOX_PLA2_134,SYN_TOX_PLA2_134 Phospholipase A2 toxin from Oxyuranus microlepidotus | Enzymatic toxins that hydrolyze phospholipids,PIKCGDATGCYCGLGGAQSYLEDLCCCLHDTYAHKTNHERDGDNYCEKHKSGHKWIQTFADFYQCRHMPQQWIRNYECCCTAHDACYGCSDACHKYEWSEHWSCIALFSIELGHVSNMTPYDPAPCHTS,129,Phospholipase A2,Oxyuranus microlepidotus,"['Cardiotoxicity', 'Myotoxicity']"
SYN_TOX_SVMP_135,SYN_TOX_SVMP_135 Snake Venom Metalloproteinase toxin from Trimeresurus species | Proteolytic enzymes that degrade extracellular matrix proteins,IRAFFSMGTINKHIECGQPDCHKSWMKVQYEIMPHCVNLHRMCIMFPYSIYFRDNEHVTGDQMYMCNMCYHLFMTWCTNVAPKAEGPVCPGKHAKHEYCHAGGFYHHGMVSGMKVWSECVCWKDLIYEHAFNGYHDRLAQVILKCRNLDSGFGRDHWWFVIQFSDPDNLAFILLSVIMSCHNEGYYTLSVGKEMIRQMVSLVAWSNVLKVELPEGGEFGWKIKQVAERLMHWETEWWTQCRCQCTRMGGSNHLLTQKMKCANLSYETGRDLAQLNKLQRLLTRVFFLHAYPALGPQSFTQGVHKHDTQDPFCMRFMFHEYFMWSFDHDRRHHNP,334,Snake Venom Metalloproteinase,Trimeresurus species,"['Hemorrhage', 'Edema']"
SYN_TOX_3FTx_136,SYN_TOX_3FTx_136 Three-Finger Toxin toxin from Naja naja | Small non-enzymatic proteins with three beta-stranded loops,TQEMCKTPVAIVRNCKCCWQYPCCNRWFCATAKCPEVYDQKYKCYWGRHEWHWHLYINQIPSRESEGCT,69,Three-Finger Toxin,Naja naja,"['Neurotoxicity', 'Cytotoxicity']"
SYN_TOX_SVSP_137,SYN_TOX_SVSP_137 Snake Venom Serine Protease toxin from Crotalus horridus | Enzymes affecting hemostatic system,NWEPYKIHPLSKVWIFQEHTWAGLHLLEYFCHAWIWWKIRTAMSPIHCKLVDGNGRMRGHMFYAPPPDWDHYPPVSASQITWQHWAHHYMNPLTARQYVAYSHTKTHSRQECGDSGGPHLDLAIKAWSDIMLIRLCRTVDHFDKVEVSAWMSHWNLHAHQFMMGTLDYLHQWAPCGNVERCHRAHDCDGQDMWSPSLSASCLLTMLNTESSDPGFVCCKVMFMLRHSSTDFAMKRRRSDPTSTECRPYTPWYPKSYQFWQWVWC,264,Snake Venom Serine Protease,Crotalus horridus,"['Hypotension', 'Fibrinolysis']"
SYN_TOX_KSPI_138,SYN_TOX_KSPI_138 Kunitz-type Serine Protease Inhibitor toxin from Vipera berus | Small proteins that inhibit serine proteases,THNEVHQETPGVMWIEHHLPRKCPQLFSYHNFKQCMRPNNLYYDNKQNKCWWTAVDACHTA,61,Kunitz-type Serine Protease Inhibitor,Vipera berus,"['Anticoagulant', 'Analgesic']"
SYN_TOX_DIS_139,SYN_TOX_DIS_139 Disintegrin toxin from Agkistrodon species | Small proteins that inhibit platelet aggregation,TPFSCMDCQDWWFIQADCETYWIKAWGTHGYWGLACRGDDCPGKWFDPPWCGACAT,56,Disintegrin,Agkistrodon species,"['Cell adhesion inhibition', 'Platelet aggregation inhibition']"
SYN_TOX_CRISP_140,SYN_TOX_CRISP_140 Cysteine-Rich Secretory Protein toxin from Philodryas species | Proteins affecting smooth muscle and ion channels,CEGKNFCSYWGFVDYLQHKFCEPTWAKSKCYCAWILWWCHHRWCNRNPVMCSFYWHEDWCNVGHYTQVKWEHCCDIGFLGNLCCYSCIARLDAFQNYVSCQCHHYAFANITNWRWPSNRQIIYCQNAASHLDCFLENAILRLTCMFFKCVRYNACGKHGFCNGYNPTIAAFCTLSVWHKIIKSCDQYTGNCSCFTYCICDCLVARGQPSWQCDVITQGYVNKDHMQPSSDRCSSM,235,Cysteine-Rich Secretory Protein,Philodryas species,"['Smooth muscle contraction', 'Ion channel blocking']"
SYN_TOX_PLA2_141,SYN_TOX_PLA2_141 Phospholipase A2 toxin from Bothrops jararacussu | Enzymatic toxins that hydrolyze phospholipids,IEDDNCYKCWYLGDMVWDKCCPGHDGCVGTFMMENCDGCYCGKGGGVFTRDCCYTHDCCYHSMIRVQCNYEITCDYMDCCCISCCGSWDMDDMVPLDHFRYYYCYLDPKCHKCDTNSQCQSLYRSVKLDTTYIHKV,136,Phospholipase A2,Bothrops jararacussu,"['Anticoagulant', 'Neurotoxicity']"
SYN_TOX_SVMP_142,SYN_TOX_SVMP_142 Snake Venom Metalloproteinase toxin from Crotalus atrox | Proteolytic enzymes that degrade extracellular matrix proteins,LQRGWVTPNAVTEVVLDKNEGMFMESPASERCPACIMFPVPYKKSENNCDNPHACSHSVEECMWVCSYWPTDPIFTILMMGACAGNPRKACEHMHEFVYYCVSNQIRYKTPLRHIYTMQGSSDEKVSVDKGILYNPMTKWCINDHGETDDDCSTKFWCMMQKVRYLVNFNWHRCECRYMWIPSYSNWPFHEGSHAGDDIYHKKRYRDCSIEWFDLSEYTRDTMTMSQPHIGMNQWYHAEMGDDQHAASSMIEWQHCYQAHHEIKHITWCENAYSRMRHEKYRHQIHLLGGEEDVQAVEDVSSWLDQWNSDCHDVDKDMFHVGCAIHWGDKAWWKSPDAYTR,341,Snake Venom Metalloproteinase,Crotalus atrox,"['Coagulopathy', 'Edema']"
SYN_TOX_3FTx_143,SYN_TOX_3FTx_143 Three-Finger Toxin toxin from Bungarus caeruleus | Small non-enzymatic proteins with three beta-stranded loops,TMFRITICLTMACPEYKWFGMKDKWLECRMFMIIHFNWRHHPCCCVMAPYCNWPHSYKTCCYCFDPWSFHKAHEYY,76,Three-Finger Toxin,Bungarus caeruleus,"['Cardiotoxicity', 'Neurotoxicity']"
SYN_TOX_SVSP_144,SYN_TOX_SVSP_144 Snake Venom Serine Protease toxin from Agkistrodon species | Enzymes affecting hemostatic system,LIFGNDSFVSMCNKPMHDPWHSRHVIHWHECMTVLFWCIFIKRYHHSSDIMLIRLKMHHLSHNYGSKLEGHIRHTWAGLATEDCPAKDLDCDIPKVHNHKWTGDFFQWAIHPIMDDNQIDHGTDMTVMYSKAPHPSGRPTSILGNHEVHPFDDMGASFAEHIPFWQHPLCHHAGDSGGPWTMERILIMFPDVLYCAMWSHQHDCFNQWFSGVTQCVVEMREAFMLRAWEIFCSAIHKQGVWVYTPSCMHYPLSCVAACNEPVNQVHHCCMD,271,Snake Venom Serine Protease,Agkistrodon species,"['Fibrinolysis', 'Coagulopathy']"
SYN_TOX_KSPI_145,SYN_TOX_KSPI_145 Kunitz-type Serine Protease Inhibitor toxin from Hemachatus species | Small proteins that inhibit serine proteases,RYCCFKKTYNHAAPCYCHQEYKIKCPGVFYYHFKQRLCKRPVSMQTCKHYDWFRDADFHELFFYTINM,68,Kunitz-type Serine Protease Inhibitor,Hemachatus species,"['Anticoagulant', 'Analgesic']"
SYN_TOX_DIS_146,SYN_TOX_DIS_146 Disintegrin toxin from Bothrops atrox | Small proteins that inhibit platelet aggregation,ILTSCDQDRISNQCGRGDFCPTWDWTRGLSYGMQNFLPYDADWGYHCRGDNTGDGHDGCGCQR,63,Disintegrin,Bothrops atrox,"['Cell adhesion inhibition', 'Platelet aggregation inhibition']"
SYN_TOX_CRISP_147,SYN_TOX_CRISP_147 Cysteine-Rich Secretory Protein toxin from Crotalus durissus | Proteins affecting smooth muscle and ion channels,WCNACEGKNHQCHFMCKPFWWWVCEHGDTACFTFIDVCYTMHEYYMVQMCVCNEFEWVHEQYHRWMWHHYQQDVCWRRDKCSSDWCMLCIGNCCDVWNRDCHCCQKFGSCNIYTRYIVCNNFLIVMYSKRHCHCEGGADYKHQCFHWIWGLHCHTWTVGHYTQVQWFSCAYNQPDQITSGCQDCCFPPWTRRDWIPCYHLSNRFCYHDTVWCMWAHCNSAWFPNMAHDSCGIFTCEVRCMHT,242,Cysteine-Rich Secretory Protein,Crotalus durissus,"['Smooth muscle contraction', 'Ion channel blocking']"
SYN_TOX_PLA2_148,SYN_TOX_PLA2_148 Phospholipase A2 toxin from Naja melanoleuca | Enzymatic toxins that hydrolyze phospholipids,VCPTKHYHFTPKCCVPHDLCCPCHDCHFNSELLHMTGCYCGVGGAKPCDQSCHQKLFVESSGRWWLWKKECEGVMCEGIHFAFQIMPQGGMMWMWGYEPNKYCEILDSMGESPQKNEDLYCFCGMFCCQKSKDCCRHHMGKVG,143,Phospholipase A2,Naja melanoleuca,"['Myotoxicity', 'Anticoagulant']"
SYN_TOX_SVMP_149,SYN_TOX_SVMP_149 Snake Venom Metalloproteinase toxin from Deinagkistrodon species | Proteolytic enzymes that degrade extracellular matrix proteins,VGHQRAIDSCQQIPEMSQIVDECPNELGDRQQAFWANGMYTACHIYHTHSMINNTGYHPQEFCDRHQKGKERTVPFAAMTNCVTFERRVHGEHPFMQCPCIMIPDSHEFMVNTKHYGDIFEEWLCGAHTDGMHLRCSDSNHYEQQYIYEIGDHGDSCYYWDLCYMNAMQMHQVFNKMFYHHESTHTTGFKHQHAQMIGCVRHCDVNKMTLGHCCWQNHLCSYAAEIVQWIHAPLHHGLMCEYERVMMDHMECATCHDGEQRCQPWTVPIMEESIQNSNVVCTSWFIDTSCHFKEQDRWDFMPARDKFYVSYPTYNPLDHIIQRNEQDIRVHCSKTNECTDFCTELHNY,348,Snake Venom Metalloproteinase,Deinagkistrodon species,"['Tissue necrosis', 'Hemorrhage']"
SYN_TOX_3FTx_150,SYN_TOX_3FTx_150 Three-Finger Toxin toxin from Ophiophagus species | Small non-enzymatic proteins with three beta-stranded loops,ECAYFPEHCCGYLPRCNKSSRVGWHLPCICCQYMWCPRKFYLTPIWKDVNHCFCWYDEMIVH,62,Three-Finger Toxin,Ophiophagus species,"['Cytotoxicity', 'Cardiotoxicity']"
SYN_TOX_SVSP_151,SYN_TOX_SVSP_151 Snake Venom Serine Protease toxin from Bothrops jararaca | Enzymes affecting hemostatic system,THTLLHYIAFSVMNGMCYHHCGGSSDLATWAGLFWTEMFLEEIHRVHPWLPSQGDAFNPCLQGPHLPIRTSPEKQFKIPTESEYCTLNMSHQTPKLTHNSNMKESEDHRMAWTCEMYLQAHQDVEECKHFSFDQDTWSQKMVGDSGGPSDIMLIRLSCLVYACDDCVPNKDRYDCCTSLHIHRFENFGEHFSPIGNKYDVHTQSNMSPDRHTSSYCKMHGGIEGHIGHCKNLDLDTQNPTWATDGHILDTQDWKSPDNTEDPGHFEKVGAIDFYICCG,278,Snake Venom Serine Protease,Bothrops jararaca,"['Platelet aggregation', 'Coagulopathy']"
SYN_TOX_KSPI_152,SYN_TOX_KSPI_152 Kunitz-type Serine Protease Inhibitor toxin from Bungarus fasciatus | Small proteins that inhibit serine proteases,YKPMEKTKRDTIRECMFTCPRPKGKKFKVRPWWHKCPIDFIYESNPTSWIEVTW,54,Kunitz-type Serine Protease Inhibitor,Bungarus fasciatus,"['Analgesic', 'Anticoagulant']"
SYN_TOX_DIS_153,SYN_TOX_DIS_153 Disintegrin toxin from Echis carinatus | Small proteins that inhibit platelet aggregation,VACMALCCYYCPRCQQDVCDIWGAFCYPGPCTEGCRGDGCPCQFSKRCFRRGGGKRDVYDYLYCQLIVNV,70,Disintegrin,Echis carinatus,"['Platelet aggregation inhibition', 'Cell adhesion inhibition']"
SYN_TOX_CRISP_154,SYN_TOX_CRISP_154 Cysteine-Rich Secretory Protein toxin from Trimeresurus species | Proteins affecting smooth muscle and ion channels,KAPWHAWEQHSNNQGDQFHPICCFQVHYFECSNTANNDRQIDHCCWHWWIRFKSHDHVLSARACYLVVVFIRLCHNKYSSDCGDCEGYNMYTVDHFICMFIYMRFYNGMRIDLSSGHYTQVLWIDTQPEYHPWHHHNCCGHHCIACAFSRTQMMMHRNFWTCYEKGMCNWLDCVSVWAMIEWWCFNAAEESWAVNYNMYAFNYELCEFAVMEELCWLNIYQWVLVGQCFYCCLRSTFFTIHHDYGTFTG,249,Cysteine-Rich Secretory Protein,Trimeresurus species,"['Ion channel blocking', 'Smooth muscle contraction']"
SYN_TOX_PLA2_155,SYN_TOX_PLA2_155 Phospholipase A2 toxin from Bungarus caeruleus | Enzymatic toxins that hydrolyze phospholipids,VKNGVHGCYCGHGGIRLDRNLEKYDYTCCQQPSCCQDCYPLWTGGHSIVMIHFQTNMHWDQSKWPSWRHIIKNNWMSHMDTAVQSADHCCEKHDYSNDFSYQEFPAQTAWIIRPELDWGDQQYFHTESPCTDCFCISHANPFFEAECPVC,150,Phospholipase A2,Bungarus caeruleus,"['Neurotoxicity', 'Anticoagulant']"
SYN_TOX_SVMP_156,SYN_TOX_SVMP_156 Snake Venom Metalloproteinase toxin from Bothrops moojeni | Proteolytic enzymes that degrade extracellular matrix proteins,YHNLNLIAPDTCRHTDEPMRADERCWKVEILRRECFWHVTYWRQCSIFCQMSAVEAPKDCTTPAWHMDEPPGTWCGSEVAIADYEDKHMSYKSEIWPTHILFKIIDAELSCGFRRDNKYIGEMRRVDLFHHCHVSEDAHAPWHPSFVSATHMREPVVWHRNQCIMHPWLMQKHEDYHAEGTPHVSKFQQGDRHYVCFDVTPDFSTNHPNCRSGKSCKHHYYHYFGHDGDDFITENMDSHFEQLSDVFQDIVGEPECAWRSLEHFLSDDNMNRSPMEQYEWRNWACDDEHKHMLEMIRASTWKCCGCCVNERFHWVHKYWCIIVERYTSRQQLRWSEPYSCVEIHHDWHEVGSDTG,355,Snake Venom Metalloproteinase,Bothrops moojeni,"['Coagulopathy', 'Hemorrhage']"
SYN_TOX_3FTx_157,SYN_TOX_3FTx_157 Three-Finger Toxin toxin from Dendroaspis polylepis | Small non-enzymatic proteins with three beta-stranded loops,TMAPWQCSSHPRKVKCMVRAWRACMSCVDCCHYCSRENCPSMWTTCCKVIPKVLNRLFYPWCVPKRNCN,69,Three-Finger Toxin,Dendroaspis polylepis,"['Neurotoxicity', 'Cardiotoxicity']"
SYN_TOX_SVSP_158,SYN_TOX_SVSP_158 Snake Venom Serine Protease toxin from Trimeresurus species | Enzymes affecting hemostatic system,CSHWKEYFSYMVGHHWIWWHSHEWKCKLYWEDKTQHVECIHDSSDNTMFPDIMLIRLHEMCENDCTYQEFLSFTMDGACTCSMCVRGEGRCNMNSSCCMSTNPCWKGVMFECNKCRHMCTWAGLVHGETGGDSGGPHMIQWQHPHMIELGADLAHHIFWLVEQCLDGTGMTDHQTESWPCHIEKLVNSNDKIHNMYNGVNYHYLCIVDNSMHENSHQHDFAHSINDESLKPSYF,234,Snake Venom Serine Protease,Trimeresurus species,"['Platelet aggregation', 'Coagulopathy']"
SYN_TOX_KSPI_159,SYN_TOX_KSPI_159 Kunitz-type Serine Protease Inhibitor toxin from Walterinnesia species | Small proteins that inhibit serine proteases,CPAWFMYEVGKTNHGCERPECCQCWCADRLWSGNIVDPCCMDECRHGVMCEERSCPCADTT,61,Kunitz-type Serine Protease Inhibitor,Walterinnesia species,"['Analgesic', 'Anticoagulant']"
SYN_TOX_DIS_160,SYN_TOX_DIS_160 Disintegrin toxin from Trimeresurus species | Small proteins that inhibit platelet aggregation,WCYAVSWKTDCGGGDPNAFGDWFKRCRGDQCPGGIHSRCPMSWGPHCLQGDCMWDCGLCMTYRIEVPGASAPCMMHG,77,Disintegrin,Trimeresurus species,"['Cell adhesion inhibition', 'Platelet aggregation inhibition']"
SYN_TOX_CRISP_161,SYN_TOX_CRISP_161 Cysteine-Rich Secretory Protein toxin from Pseudechis species | Proteins affecting smooth muscle and ion channels,HDCPARKWCEWDMCSDSLTKQFCRYCYWQPHGAESTEGSIVAVPGHYTQCAWRGSCNGFCNHHKQIDVSVKFQHPLCTLYIGIDKQVACQWKLVFIILHRFCCEGQNMCLCDYIACPVHPDGPHDSVNNRWSPLSNELAGMCLCGAKIECSVATGMNKCDWQCQMDDCKRQKHPVTCMHDNAHNYMNHAEIWVVTVDLKVWSSEPELTVQVCAFQIICMHDKHCF,225,Cysteine-Rich Secretory Protein,Pseudechis species,"['Ion channel blocking', 'Smooth muscle contraction']"
SYN_TOX_PLA2_162,SYN_TOX_PLA2_162 Phospholipase A2 toxin from Crotalus atrox | Enzymatic toxins that hydrolyze phospholipids,TWEHKDYVQPCCQMIHWMDDCCPGHDVLDHYWTHFMCEPNRETWLPDLKEKDFMHQYCQSVAQAPRHSQDHCMNCCPCHDLCYCDGIPYQLWKQSEWQCWGLVHEPTEKDCYFTNADYHDIIYSHP,126,Phospholipase A2,Crotalus atrox,"['Neurotoxicity', 'Cardiotoxicity']"
SYN_TOX_SVMP_163,SYN_TOX_SVMP_163 Snake Venom Metalloproteinase toxin from Echis carinatus | Proteolytic enzymes that degrade extracellular matrix proteins,LMFIIRQICIFWEHGETDGWPFGACIARSFWEPKIEHGNYHHRYEIFMDCKMVHVGTFIPHQCQEAVYLSYYMCWHPFYFMSWAHKREQVNDWMRQGVIMTYFDNTTETANHEKHHYRGKKHVQSEFLWATLRSLAFYFEDHYVMQSHPDKVGFYGDDHSPSVQHPFFYINYAGAREYAHWVTCQRKSMCWGDVMYYHQQIFGYEDYPREEQFIWQDYVQPRGSAPPSYYNHCIMDPEHPLDCFNVNCCQVDRITVNIRFYCKLQEDFDVDYFHMRQDISWQPCMWRPSNYDNVIHAVAQFSRVKHCLCPHWVVEHVTCMKCAGPPVWHGIFSWFIQRDWTGTEQVEIEVRKQSDIHHQNSE,362,Snake Venom Metalloproteinase,Echis carinatus,"['Hemorrhage', 'Coagulopathy']"
SYN_TOX_3FTx_164,SYN_TOX_3FTx_164 Three-Finger Toxin toxin from Micrurus fulvius | Small non-enzymatic proteins with three beta-stranded loops,GDFMEDGFCCMWSICIPREMIRWRCCYCLKMTCPLCNYISPTSAHIERECSHRHATPHGQKWCEHESWGSCKNNCC,76,Three-Finger Toxin,Micrurus fulvius,"['Neurotoxicity', 'Cytotoxicity']"
SYN_TOX_SVSP_165,SYN_TOX_SVSP_165 Snake Venom Serine Protease toxin from Deinagkistrodon species | Enzymes affecting hemostatic system,YCGDSHQDCLHYNSDLQHSESEQWVPSDSRTWAGLPTWMHSVGDSGGPYLQNYGRRQCDLQPTDIMLIRLIPNFHHQRKFVMLASSTDSKDSCAWVFGMIIYDSMEMSNHVSCGRLNWRWHTWLAADFGHSLAYNLCTSKVCSMHLKCPHLGYFNNHAVKRKVHAQSASDNYIGAVDGSHYFFNSNRNNFHDMRTSSHRLFIIMTNHWQCSKLSHSKCHEPRIQRYIGLRLRTFGSREIQG,241,Snake Venom Serine Protease,Deinagkistrodon species,"['Fibrinolysis', 'Platelet aggregation']"
SYN_TOX_KSPI_166,SYN_TOX_KSPI_166 Kunitz-type Serine Protease Inhibitor toxin from Dendroaspis angusticeps | Small proteins that inhibit serine proteases,FGHRESCPCNFEYCCFCWRPLCYLYTPIGCPRTYCILSRMPELKNMEVHACPWSVCCSMYNKLCYPPE,68,Kunitz-type Serine Protease Inhibitor,Dendroaspis angusticeps,"['Neurotoxicity', 'Anticoagulant']"
SYN_TOX_DIS_167,SYN_TOX_DIS_167 Disintegrin toxin from Crotalus scutulatus | Small proteins that inhibit platelet aggregation,IVWNQAYFPGPGWGFLCCDGITPRGDFCPDGPSEELNAMYKRWSCLPAFGYGTSICRWNHRYRINGYITLDNDTDCQYEWRHHC,84,Disintegrin,Crotalus scutulatus,"['Cell adhesion inhibition', 'Platelet aggregation inhibition']"
SYN_TOX_CRISP_168,SYN_TOX_CRISP_168 Cysteine-Rich Secretory Protein toxin from Naja nivea | Proteins affecting smooth muscle and ion channels,KPPELWCNNCCVQPIDCRQSYSLNQCTDMIWEKGECTPLQMNFQELFMYRRDAVCSDYPHYTESWTNNQRECNPKVTDRERPCVNCFMMHQFWYTGKLVRHWFVLCEGENVHWHCMQMKCSDHQPLWCKAKPYIIERWWTCTKKGHCNFHMCWGTNAGKHGVKTQLMHLILEMQMYLDGCCKQGFLVKYSCAPESSWRLHKNDFNEALEKDMNLNVWEKKDDPFTRTHMCWK,232,Cysteine-Rich Secretory Protein,Naja nivea,"['Smooth muscle contraction', 'Ion channel blocking']"
SYN_TOX_PLA2_169,SYN_TOX_PLA2_169 Phospholipase A2 toxin from Oxyuranus microlepidotus | Enzymatic toxins that hydrolyze phospholipids,MVGHEPLSFFRMLIDCCHQHDMCYDVSVCPCTKCDPSDGHTQGQNGQMVHGCYCGCGGCKCIKHRWCSNDETLHSQYHTCHDWCCIVHDCCWTRGHVAKDIGENYCKHHPCMHQTTQFPEERCYVCHLAGDRK,133,Phospholipase A2,Oxyuranus microlepidotus,"['Cardiotoxicity', 'Anticoagulant']"
SYN_TOX_SVMP_170,SYN_TOX_SVMP_170 Snake Venom Metalloproteinase toxin from Trimeresurus species | Proteolytic enzymes that degrade extracellular matrix proteins,WRFMCSIFGMMYEWIRVVCHHGDRDYARQQHMIHMKSGVTTHLGCMLNEGHMKDSCEHMAFEKCDMCNYHMSPSQEHPNDEAWHHIHHPHNHHYVGRSTNHDLTLENKWLRNKEWFNVIFKQCWNFHHSMEVHHHLHDGPDMIMETCGKVHTPNADGNKNKEHDCCIMEPIQGYDWPTWDLHERIHTNGKNHWMDFLITFMIVGQPHDPWMFEPTWPCSFQCQKHCAHHHMGEVHECHWVAVQLCFMTTIQAPCVKGIMSNMWVQKLKDQDDRCLQWVNHCWHQNSERKVARNTEDKLPHSVWQSDHEVFHRHQQHRRGLKFDNEREHRTMVDRGEDGAHAFEAPEYQVVGHEETEEITHDGHQGRWCY,369,Snake Venom Metalloproteinase,Trimeresurus species,"['Hemorrhage', 'Coagulopathy']"
SYN_TOX_3FTx_171,SYN_TOX_3FTx_171 Three-Finger Toxin toxin from Naja kaouthia | Small non-enzymatic proteins with three beta-stranded loops,VSCCQRCPLCNMCWGWKRTHTRRWIPCKVKPYCKYCICPNSPTWCNHGWVNQSCLHECIHKN,62,Three-Finger Toxin,Naja kaouthia,"['Cytotoxicity', 'Neurotoxicity']"
SYN_TOX_SVSP_172,SYN_TOX_SVSP_172 Snake Venom Serine Protease toxin from Crotalus durissus | Enzymes affecting hemostatic system,DLIPLSLIHQNSATKDKHRGLNHSCSEHRWDFIWSFLCTSLSIEAHNFQIHCEWDIMLIRLLFKPTALHHSDRENAAGDSGGPDDDRFNCFQRSKWWPHVFWSAIVSTLCNHMHKSTPQYDYAHGRHFHHISNQMVGCISWAGNDHEEQIDGEIMNPPNCSRATWAGLVSETTHSHRMRSSFELASEKVQVISMHCHQRLDCNEQTPHRHNSFHFVWIHDMIVIVFMWAHGFSFGFWCHSISSDCWHD,248,Snake Venom Serine Protease,Crotalus durissus,"['Hypotension', 'Platelet aggregation']"
SYN_TOX_KSPI_173,SYN_TOX_KSPI_173 Kunitz-type Serine Protease Inhibitor toxin from Vipera russellii | Small proteins that inhibit serine proteases,YCFLNKLRMVGDAHCPFPFCYEKRRHAVVLIDYCHHMLIRAQVLKPTSVERKMS,54,Kunitz-type Serine Protease Inhibitor,Vipera russellii,"['Analgesic', 'Neurotoxicity']"
SYN_TOX_DIS_174,SYN_TOX_DIS_174 Disintegrin toxin from Agkistrodon species | Small proteins that inhibit platelet aggregation,GCECRRGDWCPWRRCCKPLQGRADYCYDDQQQSCCINCHKNTVWDLWADFCSWEADWGPQCCYDFGFRGRRCLTKRWDTTLNGFYVMEPEC,91,Disintegrin,Agkistrodon species,"['Cell adhesion inhibition', 'Platelet aggregation inhibition']"
SYN_TOX_CRISP_175,SYN_TOX_CRISP_175 Cysteine-Rich Secretory Protein toxin from Philodryas species | Proteins affecting smooth muscle and ion channels,FFYADPMCEGPNYTDHFTFLSSNPSLWKELHVWWSCTHKGCSSPKESLALWEFCNWRCTLEYNGRGFSHNWDCACGSNFVADQCKVTCFTARVCNQFGTCNTHCHMPMGHYTQVHWLCCSLKRKCCFFTCLFGQSKNYHLYQGHNSTVWHHCKNRCEGCNYWHCWKDAPQTCCWSIKCMACCCEFTSVSTNTCCHPCVIVHEKIKCAHCDHILMIINHCYNNFYHDNATKNAESKKCYD,239,Cysteine-Rich Secretory Protein,Philodryas species,"['Ion channel blocking', 'Smooth muscle contraction']"
SYN_TOX_PLA2_176,SYN_TOX_PLA2_176 Phospholipase A2 toxin from Bothrops jararaca | Enzymatic toxins that hydrolyze phospholipids,HWIFQSQVVHRGCYCGHGGCYSEWQGHTDWVCRNWQVNWDANQTQHCFRDDMWFWIIYWVHTYWSDSIGYTSEGSPLHPGSDPCCGEHDPSTCEWKRCCFFCVEDQDVKCHIPASKDLLMDKNLHGWPIGCAWWPLNLFC,140,Phospholipase A2,Bothrops jararaca,"['Anticoagulant', 'Myotoxicity']"
SYN_TOX_SVMP_177,SYN_TOX_SVMP_177 Snake Venom Metalloproteinase toxin from Crotalus scutulatus | Proteolytic enzymes that degrade extracellular matrix proteins,WFNVTNDIRPGIERDLKMFIDEVTEVFDDEHQKNNWYCVVMEMIFMCQEMPGCWFMALHLNSKGCNGPHQHRNCIMMPEQIGDFTYCFIQMIGTINHTQDTYWQHNVFYPPCVMNEYITHIHDGRAEAMTQKALPVKTNLYNYLCPVDMDQSWFPYESKHSANYDQHRCLNQHLCHHNFHEIDHCGGNKHHRKGNKLDADEHDVKRHWYYYLGNFNVHAKHYGHAWRWDKHSQEWHFIAKDQRTCMRHIMMKSHWEKEGDGKLEEAQMPVQQGPNFAGAWKCGCVACKCKHASEPHQNEEHNCDYIVDPYATVRVKVYSHEHIWGFCYNLQQRPMGLGDIINVDFKNSWPHVNRCSHVWLRVTVIGMQHMFDHEGR,376,Snake Venom Metalloproteinase,Crotalus scutulatus,"['Edema', 'Tissue necrosis']"
SYN_TOX_3FTx_178,SYN_TOX_3FTx_178 Three-Finger Toxin toxin from Bungarus caeruleus | Small non-enzymatic proteins with three beta-stranded loops,TCCLELPLCNCVTHHYHTWCYCCCGRAIVHQCGTFDCPLTGCETMNSMFCVSKCDDWLCYCPPDLMANR,69,Three-Finger Toxin,Bungarus caeruleus,"['Cytotoxicity', 'Neurotoxicity']"
SYN_TOX_SVSP_179,SYN_TOX_SVSP_179 Snake Venom Serine Protease toxin from Agkistrodon species | Enzymes affecting hemostatic system,KVSSETGAYGMRMIGNGIICIAAWGKICHISCYENVAYNIIVHVQSNNITDWMYHNNGRVIGMHIIMVRQKASNRQWSFRDMHWLNQEAGAHFHVSQGDSGGPSKGVEHKHKFKVEHMVDIMLIRLMEDRSNNADFHFSGRYVGCWSSGQQYYEKITWAGLNWEHGRPPIDIDTSWTIMIAIQGFDEWGLDIGWLHWVHYWNAIPKHPDTRRHYEHIDSFPYQTHCSCPVEGTCGWHFKENPPENDEISNPQSAY,255,Snake Venom Serine Protease,Agkistrodon species,"['Fibrinolysis', 'Coagulopathy']"
SYN_TOX_KSPI_180,SYN_TOX_KSPI_180 Kunitz-type Serine Protease Inhibitor toxin from Hemachatus species | Small proteins that inhibit serine proteases,KSCCCIKCCRRPTNWHPGAYGYAWPKMLWLDVCDCPHKFRYIYTKTIPFQFDPVKFILCKQ,61,Kunitz-type Serine Protease Inhibitor,Hemachatus species,"['Neurotoxicity', 'Analgesic']"
SYN_TOX_DIS_181,SYN_TOX_DIS_181 Disintegrin toxin from Bothrops jararacussu | Small proteins that inhibit platelet aggregation,LRWGCMCPRDKCDAILWHYHCADIMVESSGGNERRCCKCQPRWQHAAQWREEADGDYCEGYCNPIENDAMEDSGCCHFDGDCDQNDQKNYFCRHNCVG,98,Disintegrin,Bothrops jararacussu,"['Cell adhesion inhibition', 'Platelet aggregation inhibition']"
SYN_TOX_CRISP_182,SYN_TOX_CRISP_182 Cysteine-Rich Secretory Protein toxin from Crotalus adamanteus | Proteins affecting smooth muscle and ion channels,ENRDCCVYKYCWPTGRCNWAEVITFCSRSVNVFDVHRCGVIELNGRISTEYYCFASHAMQFAYNCNGHYTQVAWWRIMYIDTRDLPCHHCEGHNNHCILAVCQSCEYEHSCYFECIVCMHFCAMPNNSHGACIQEGDGSNLCQEVAVGEFCMERFWRTFRGIVHYTDDCYVVNHDRHTQHVAKKPQDGHDCHIAAMCASCKEFSHQPVQILTTCCLEYKLMQCQQNNFREICIAHPHMWCYWPQNR,246,Cysteine-Rich Secretory Protein,Crotalus adamanteus,"['Smooth muscle contraction', 'Ion channel blocking']"
SYN_TOX_PLA2_183,SYN_TOX_PLA2_183 Phospholipase A2 toxin from Naja kaouthia | Enzymatic toxins that hydrolyze phospholipids,IDVCCPLHDYATFCCYCHDGCYNKGLSYKCGDAQHQPRPYHALCHGCYCGCGGKAKCFGDPITGLPRYPVCEFQCNWYKEMVYREATAQSDIDGNVKNPWIKCIPTFPWFWHTNWAAGSEFDNWREILQQHVMVPKCWKYLIHRFCH,147,Phospholipase A2,Naja kaouthia,"['Neurotoxicity', 'Cardiotoxicity']"
SYN_TOX_SVMP_184,SYN_TOX_SVMP_184 Snake Venom Metalloproteinase toxin from Deinagkistrodon species | Proteolytic enzymes that degrade extracellular matrix proteins,GMNSHEDYNTTTDDDEVLDTPKWLGPMWGDIQYTHIFCIMCPVPWIRWVTCCWSPIDFCTFFTYRYDIQDTECAPTWHHKISESCEVITEACDIWPSDYIFHWQCLLTVSTLQGGNLRSMKCRFDNHKFHETEFCNNAIDFNTIDITEHHLGELFEFYYHEEFYHWIEWDGCCWVFVKCTDENWPAWCWQMMHRGTVLMCNHEYSHVHWVQQAPNWQGDERGMPFEHQCNRGYTMRFQICLAWNPACSDCGWIEAPYTLEYETKAFCAVAHARHSHYMENSPQASDPDDDPWYAVRREIFAIRQLGEHYCDLLGKHMTEGERAMTTANVHHKKPLCMCMHPIYDFPADFYVMRHSRKLRPMHSIPFFSDQAHMATHWNHEPRE,383,Snake Venom Metalloproteinase,Deinagkistrodon species,"['Tissue necrosis', 'Edema']"
SYN_TOX_3FTx_185,SYN_TOX_3FTx_185 Three-Finger Toxin toxin from Ophiophagus species | Small non-enzymatic proteins with three beta-stranded loops,DRESELCCFYWPFCNLMHNMRCHFKHCYTCQSPFCPCRRRECPERCQFDAWFFNMDEFQVQRQLCFYLCCSCCYGC,76,Three-Finger Toxin,Ophiophagus species,"['Neurotoxicity', 'Cytotoxicity']"
SYN_TOX_SVSP_186,SYN_TOX_SVSP_186 Snake Venom Serine Protease toxin from Bothrops jararaca | Enzymes affecting hemostatic system,DKIFTESKPNWWVVDIMLIRLYAMACNQVFAAALVVKRDMLLSNPKSFDDAHLRQKALMFEMGCHWSNRHCPIKGVAEKLFSPGKHSPHASFGGDSTWAGLFFAMHSEGLKVSCHMADDSLVGYEVDKKAVIQSGWTRWTCMAHMRAHPIWKIHDIVNRIRYLNNISWDSDGLTWDHRWSTIYNHRVLMWEYNPPLNYSHEIPIHHNNNSFIYTCVSCETCPHPKWSKHMSSMSSCASPSVLHDLDTYMIIFTDICEKFSLD,262,Snake Venom Serine Protease,Bothrops jararaca,"['Hypotension', 'Fibrinolysis']"
SYN_TOX_KSPI_187,SYN_TOX_KSPI_187 Kunitz-type Serine Protease Inhibitor toxin from Bungarus caeruleus | Small proteins that inhibit serine proteases,DKFCFRPTDCLCYCCCCTKWDGNWLICPQSYERMPRWTWRRDCPNHFPYRFWRRPHEKSCIIKCKQME,68,Kunitz-type Serine Protease Inhibitor,Bungarus caeruleus,"['Anticoagulant', 'Neurotoxicity']"
SYN_TOX_DIS_188,SYN_TOX_DIS_188 Disintegrin toxin from Echis coloratus | Small proteins that inhibit platelet aggregation,TLAQWIARWGFKCTTCPMLTDPCCCQCSGRCDDSLWSDVQNHVG,44,Disintegrin,Echis coloratus,"['Platelet aggregation inhibition', 'Cell adhesion inhibition']"
SYN_TOX_CRISP_189,SYN_TOX_CRISP_189 Cysteine-Rich Secretory Protein toxin from Trimeresurus species | Proteins affecting smooth muscle and ion channels,TPSRFGHYTQVMWLFDCCSLNSIPKQFIWVVMMYFIMVCCMCDKPVPMCFMAGVCNTVCCEVEVLWESKVMHLCCCMFDDMRICHDPCCMKKWMAGCWWSGVSCGQHHQSCEGVNPQSLYGVPHIWHGPHMCEDKGLWLHLSAHGETVNYWKHMIIHCENKRYWIWNHCEWCTVCLWATAMSPFHTYDDLRFYQCGMVPYAYARDCDACLCDHFTQVFNMDC,222,Cysteine-Rich Secretory Protein,Trimeresurus species,"['Ion channel blocking', 'Smooth muscle contraction']"
SYN_TOX_PLA2_190,SYN_TOX_PLA2_190 Phospholipase A2 toxin from Bungarus caeruleus | Enzymatic toxins that hydrolyze phospholipids,SAQHDRLDGHGFCDVCCLQHDMAHPSDMERTICAAITWSPCKADEYKMVWKMDHSPETSTSDWGCYCGGGGAASSPFWPVCCCFHDVCYWICRNLPMFQMITRTWQRNMACDCQMKNRGVAQP,123,Phospholipase A2,Bungarus caeruleus,"['Myotoxicity', 'Neurotoxicity']"
SYN_TOX_SVMP_191,SYN_TOX_SVMP_191 Snake Venom Metalloproteinase toxin from Bothrops jararaca | Proteolytic enzymes that degrade extracellular matrix proteins,NLPKDESDDRHKQNEANLPVMFGTYRMAAQIDFMPRSIRRYWNERSNNCMGPDDDVWHCWLLYFECIMFPIVKKIQHAYQYNANAHMESNCTRFHWAHYIVMCSYDDEAHYIPVRFGEAIMCLGADENTGGFTRSNHEEVHYYGWNHCLVWRCESPERGIYSAEFQHCLFPPDANDPCLMANDIEDQEIDMVDDLKTHEEWLKCSHDGDQDYADIHISRITRYHIHTTIYVFASAVLTKIPMMMRTDWPLSYRQKVGQRLKLPWMMACGDRVAVDPHSEMVWYKQCYTDTCSRHITTIEHFHRHAWMSHWWIVNHHFCYSETNNHNPFIPYGGNCINDAAHEWRYQLYYIQQHPYDPQWVPMDIHVDQEWQDLGIIWPIHTNADEGLTTC,390,Snake Venom Metalloproteinase,Bothrops jararaca,"['Coagulopathy', 'Hemorrhage']"
SYN_TOX_3FTx_192,SYN_TOX_3FTx_192 Three-Finger Toxin toxin from Dendroaspis angusticeps | Small non-enzymatic proteins with three beta-stranded loops,SGDSCWGTFPCCECSGCPNCKAEPTYDCVPHWSNCHQMHDCQGYTQCQQSCKCWVKIECADT,62,Three-Finger Toxin,Dendroaspis angusticeps,"['Cardiotoxicity', 'Neurotoxicity']"
SYN_TOX_SVSP_193,SYN_TOX_SVSP_193 Snake Venom Serine Protease toxin from Trimeresurus species | Enzymes affecting hemostatic system,QYLSDHEDLKHLMAHDYGMACKICGGVESEYTLWSTHPEVMSDTETHAHDMHEGGEWNGSEYHHAGLSPGSLFDKRYHNTPAAHMKVSTIVSSSTQGVEVIAVDLDIMLIRLSDPLMKTVMNWFIVHVWWDHPPDIHNMVWQPRHCHQQQPTIEDAHDTHRTYTWAGLQGSGDSGGPKSECCFDSSNHGRGEPMDFIIPTYMHNICHSTKFGCVENPTYSATRYGHTEDSKIAVHSSSPDLGDIVCKPMWGNGYSYFMHDHHRSYSHFD,269,Snake Venom Serine Protease,Trimeresurus species,"['Hypotension', 'Platelet aggregation']"
SYN_TOX_KSPI_194,SYN_TOX_KSPI_194 Kunitz-type Serine Protease Inhibitor toxin from Walterinnesia species | Small proteins that inhibit serine proteases,DGTNLPTMMDAFHWYVSVCVRPWFYGRAYISTKDPCPLLFNYMDTFCYESCNIC,54,Kunitz-type Serine Protease Inhibitor,Walterinnesia species,"['Neurotoxicity', 'Anticoagulant']"
SYN_TOX_DIS_195,SYN_TOX_DIS_195 Disintegrin toxin from Trimeresurus species | Small proteins that inhibit platelet aggregation,KCFITGNNNCCFRNYRCGNQQKRGDNCPGWGHICPQRKCGKPQDGAKKVGE,51,Disintegrin,Trimeresurus species,"['Platelet aggregation inhibition', 'Cell adhesion inhibition']"
SYN_TOX_CRISP_196,SYN_TOX_CRISP_196 Cysteine-Rich Secretory Protein toxin from Pseudechis species | Proteins affecting smooth muscle and ion channels,LCHWDYNWECDGHYTQVIWKWITAFQFDTSPLCHFENSAAKSMPCAKAHNMFSFCCAWNGRCNCYEGDDKHWGQFLCHWSSLFSGYSKPLATNAVYSWNNCNCWRNLCNTHCVHDKTNYTCEGANQPWRKYIWLIHPADIFQQTHIQPKGCCGFTGRWMHNRGEQQNWGHEIFKRQVSYQHDTPPHHMDHHYVYIQWNVRCHKISVEWHATQTPVTILQGFGGHNWFCH,229,Cysteine-Rich Secretory Protein,Pseudechis species,"['Smooth muscle contraction', 'Ion channel blocking']"
SYN_TOX_PLA2_197,SYN_TOX_PLA2_197 Phospholipase A2 toxin from Crotalus durissus | Enzymatic toxins that hydrolyze phospholipids,YNHPTGMVRLGNETRYHPDDDCCPVHDSCSLKIRVQMHCCRQHDGCYMASMHDQWTPRPACAYLRCQSNGCYCGHGGKWDYTCHFIVQDMHDDGVKGWPCFPKCHPMYSSNDQNCDCLSQRFGWPTDWCF,130,Phospholipase A2,Crotalus durissus,"['Myotoxicity', 'Neurotoxicity']"
SYN_TOX_SVMP_198,SYN_TOX_SVMP_198 Snake Venom Metalloproteinase toxin from Echis carinatus | Proteolytic enzymes that degrade extracellular matrix proteins,PVSKCPFHASQFDQCNMTWHHKKGGDTVYYWVPPDTRGEFVMNMDDEKKLKGVLEQNMPHCQLSLVHTRPWQCMKCCANMSAFQWPCIMFPQNHLTVGRSNGDGSDKYEEHHCEGDQWCFDQHQAYHVVHMPLDDYKPHQCDEYHACTRCLHEQSHMYGGHHPYTSEDQCIRCLRIETDATLGDRSKMEFTCREMVAAIILERILCHESHASTDLYNCYWYKFFSCPAAPTETCDEHCIPIDFHFWQDLMNVHDVMGEPRWVKKQQELWELHWLCMCEHERLKPFNHICCCDFEGSGAHPFKMTHRCFRNSQHYGQNVHRAKSLGLNADHPEDEWHTGVRTMKLDAMATKTIAKVEHHCTDSKSAEMAQVFFYMYHIENHEFYACLYKAHIDSCKEN,397,Snake Venom Metalloproteinase,Echis carinatus,"['Hemorrhage', 'Edema']"
SYN_TOX_3FTx_199,SYN_TOX_3FTx_199 Three-Finger Toxin toxin from Micrurus corallinus | Small non-enzymatic proteins with three beta-stranded loops,HKNCKDDPCCKAQPVCNCYQVRRRCQYNIKSLDDSCLEWIEDGELCKNFVCPVRQSYIYEACAETGCRG,69,Three-Finger Toxin,Micrurus corallinus,"['Cardiotoxicity', 'Neurotoxicity']"
SYN_TOX_SVSP_200,SYN_TOX_SVSP_200 Snake Venom Serine Protease toxin from Deinagkistrodon species | Enzymes affecting hemostatic system,CLKYKLWGACSHPSDPDPKPGECTSPDIKWDPDSQPYGIYSPRASWGAMYQSATYWDIMLIRLDFWFDSRMSQCSSAPHTRDSAMHSLKTISNSHWQKFCTQCNDHFKKPCIQSFRDNYYCQPQNETWAGLGDSGGPYRGYDQHYDFRGDTGSCSCMTTDIDIDAYNRWRQNEVKFTHRFYAECGHARPSDDKFLVSSWNFRWTWACDFHIFGHWSSGITQHVDPLQEYLNSHHCWHHHLFAIFNNKQHFSESTQITWAKAWQDFEMQHHPVSHDK,276,Snake Venom Serine Protease,Deinagkistrodon species,"['Hypotension', 'Coagulopathy']"
